user,id,response
B11ADD2C55A84CCEAA738FD3C4070978,038YME1X52FRBENFZHKW-N6A32VA3FF9N981MR5DB,A
12EDDEAE0B8C47039662826381098797,038YME1X52FRBENFZHKW-N6A32VA3FF9N981MR5DB,A
804259DA896B49E1B8704A3D8DAC8ECF,038YME1X52FRBENFZHKW-N6A32VA3FF9N981MR5DB,A
8D958F00E3F54684BCA320E35B758B23,038YME1X52FRBENFZHKW-N6A32VA3FF9N981MR5DB,A
E3C62D4DE64F429BBBD7450E79113795,038YME1X52FRBENFZHKW-N6A32VA3FF9N981MR5DB,A
A43CFF375738402AB37036082DE87B14,038YME1X52FRBENFZHKW-N6A32VA3FF9N981MR5DB,A
CB2E8827B59E46D0A2E77F25209FAAC7,038YME1X52FRBENFZHKW-N6A32VA3FF9N981MR5DB,A
1167AE476AC04C36B12168E3EEB688FE,038YME1X52FRBENFZHKW-N6A32VA3FF9N981MR5DB,A
4E6CBAC7758B4F94BF377812FD402900,038YME1X52FRBENFZHKW-N6A32VA3FF9N981MR5DB,A
348F55AD59444E4695D05798915E40D5,038YME1X52FRBENFZHKW-N6A32VA3FF9N981MR5DB,A
AE7D21D806CB44A780F66DD570CBDB0D,038YME1X52FRBENFZHKW-N6A32VA3FF9N981MR5DB,A
5CE507619E214F548D5BAD652965050D,038YME1X52FRBENFZHKW-N6A32VA3FF9N981MR5DB,A
76BA9BDC873D4122B10102F7030B9695,038YME1X52FRBENFZHKW-N6A32VA3FF9N981MR5DB,A
8D958F00E3F54684BCA320E35B758B23,0430SA5F79TW00ZMBQAH-1RC72T5A452FWTVEGX39,B
B11ADD2C55A84CCEAA738FD3C4070978,0430SA5F79TW00ZMBQAH-1RC72T5A452FWTVEGX39,B
12EDDEAE0B8C47039662826381098797,0430SA5F79TW00ZMBQAH-1RC72T5A452FWTVEGX39,A
E3C62D4DE64F429BBBD7450E79113795,0430SA5F79TW00ZMBQAH-1RC72T5A452FWTVEGX39,B
804259DA896B49E1B8704A3D8DAC8ECF,0430SA5F79TW00ZMBQAH-1RC72T5A452FWTVEGX39,BOTH
348F55AD59444E4695D05798915E40D5,0430SA5F79TW00ZMBQAH-1RC72T5A452FWTVEGX39,BOTH
5CE507619E214F548D5BAD652965050D,0430SA5F79TW00ZMBQAH-1RC72T5A452FWTVEGX39,B
76BA9BDC873D4122B10102F7030B9695,0430SA5F79TW00ZMBQAH-1RC72T5A452FWTVEGX39,B
AE7D21D806CB44A780F66DD570CBDB0D,0430SA5F79TW00ZMBQAH-1RC72T5A452FWTVEGX39,B
A43CFF375738402AB37036082DE87B14,0430SA5F79TW00ZMBQAH-1RC72T5A452FWTVEGX39,B
CB2E8827B59E46D0A2E77F25209FAAC7,0430SA5F79TW00ZMBQAH-1RC72T5A452FWTVEGX39,B
4E6CBAC7758B4F94BF377812FD402900,0430SA5F79TW00ZMBQAH-1RC72T5A452FWTVEGX39,B
1167AE476AC04C36B12168E3EEB688FE,0430SA5F79TW00ZMBQAH-1RC72T5A452FWTVEGX39,B
E3C62D4DE64F429BBBD7450E79113795,04BVHF9JX3M5YEFJYQMC-9VE466BGTBDNT730NJJA,BOTH
AE7D21D806CB44A780F66DD570CBDB0D,04BVHF9JX3M5YEFJYQMC-9VE466BGTBDNT730NJJA,B
4E6CBAC7758B4F94BF377812FD402900,04BVHF9JX3M5YEFJYQMC-9VE466BGTBDNT730NJJA,A
12EDDEAE0B8C47039662826381098797,04BVHF9JX3M5YEFJYQMC-9VE466BGTBDNT730NJJA,A
5CE507619E214F548D5BAD652965050D,04BVHF9JX3M5YEFJYQMC-9VE466BGTBDNT730NJJA,BOTH
CB2E8827B59E46D0A2E77F25209FAAC7,04BVHF9JX3M5YEFJYQMC-9VE466BGTBDNT730NJJA,BOTH
A43CFF375738402AB37036082DE87B14,04BVHF9JX3M5YEFJYQMC-9VE466BGTBDNT730NJJA,BOTH
348F55AD59444E4695D05798915E40D5,04BVHF9JX3M5YEFJYQMC-9VE466BGTBDNT730NJJA,BOTH
804259DA896B49E1B8704A3D8DAC8ECF,04BVHF9JX3M5YEFJYQMC-9VE466BGTBDNT730NJJA,A
B11ADD2C55A84CCEAA738FD3C4070978,04BVHF9JX3M5YEFJYQMC-9VE466BGTBDNT730NJJA,BOTH
1167AE476AC04C36B12168E3EEB688FE,04BVHF9JX3M5YEFJYQMC-9VE466BGTBDNT730NJJA,B
8D958F00E3F54684BCA320E35B758B23,04BVHF9JX3M5YEFJYQMC-9VE466BGTBDNT730NJJA,BOTH
76BA9BDC873D4122B10102F7030B9695,04BVHF9JX3M5YEFJYQMC-9VE466BGTBDNT730NJJA,BOTH
E3C62D4DE64F429BBBD7450E79113795,0FGQQRPPEVZWQ6ESQRWS-782YFWS8SM8EY3W351K3,B
CB2E8827B59E46D0A2E77F25209FAAC7,0FGQQRPPEVZWQ6ESQRWS-782YFWS8SM8EY3W351K3,B
5CE507619E214F548D5BAD652965050D,0FGQQRPPEVZWQ6ESQRWS-782YFWS8SM8EY3W351K3,B
76BA9BDC873D4122B10102F7030B9695,0FGQQRPPEVZWQ6ESQRWS-782YFWS8SM8EY3W351K3,BOTH
348F55AD59444E4695D05798915E40D5,0FGQQRPPEVZWQ6ESQRWS-782YFWS8SM8EY3W351K3,BOTH
A43CFF375738402AB37036082DE87B14,0FGQQRPPEVZWQ6ESQRWS-782YFWS8SM8EY3W351K3,B
12EDDEAE0B8C47039662826381098797,0FGQQRPPEVZWQ6ESQRWS-782YFWS8SM8EY3W351K3,A
B11ADD2C55A84CCEAA738FD3C4070978,0FGQQRPPEVZWQ6ESQRWS-782YFWS8SM8EY3W351K3,B
4E6CBAC7758B4F94BF377812FD402900,0FGQQRPPEVZWQ6ESQRWS-782YFWS8SM8EY3W351K3,BOTH
1167AE476AC04C36B12168E3EEB688FE,0FGQQRPPEVZWQ6ESQRWS-782YFWS8SM8EY3W351K3,BOTH
AE7D21D806CB44A780F66DD570CBDB0D,0FGQQRPPEVZWQ6ESQRWS-782YFWS8SM8EY3W351K3,B
8D958F00E3F54684BCA320E35B758B23,0FGQQRPPEVZWQ6ESQRWS-782YFWS8SM8EY3W351K3,B
804259DA896B49E1B8704A3D8DAC8ECF,0FGQQRPPEVZWQ6ESQRWS-782YFWS8SM8EY3W351K3,B
AE7D21D806CB44A780F66DD570CBDB0D,0QGX4FA37ES419EA00ZD-CKSPXKV1N8BZF1W2WM48,B
76BA9BDC873D4122B10102F7030B9695,0QGX4FA37ES419EA00ZD-CKSPXKV1N8BZF1W2WM48,BOTH
B11ADD2C55A84CCEAA738FD3C4070978,0QGX4FA37ES419EA00ZD-CKSPXKV1N8BZF1W2WM48,B
348F55AD59444E4695D05798915E40D5,0QGX4FA37ES419EA00ZD-CKSPXKV1N8BZF1W2WM48,A
4E6CBAC7758B4F94BF377812FD402900,0QGX4FA37ES419EA00ZD-CKSPXKV1N8BZF1W2WM48,BOTH
1167AE476AC04C36B12168E3EEB688FE,0QGX4FA37ES419EA00ZD-CKSPXKV1N8BZF1W2WM48,A
A43CFF375738402AB37036082DE87B14,0QGX4FA37ES419EA00ZD-CKSPXKV1N8BZF1W2WM48,BOTH
804259DA896B49E1B8704A3D8DAC8ECF,0QGX4FA37ES419EA00ZD-CKSPXKV1N8BZF1W2WM48,A
E3C62D4DE64F429BBBD7450E79113795,0QGX4FA37ES419EA00ZD-CKSPXKV1N8BZF1W2WM48,B
8D958F00E3F54684BCA320E35B758B23,0QGX4FA37ES419EA00ZD-CKSPXKV1N8BZF1W2WM48,BOTH
5CE507619E214F548D5BAD652965050D,0QGX4FA37ES419EA00ZD-CKSPXKV1N8BZF1W2WM48,A
12EDDEAE0B8C47039662826381098797,0QGX4FA37ES419EA00ZD-CKSPXKV1N8BZF1W2WM48,A
CB2E8827B59E46D0A2E77F25209FAAC7,0QGX4FA37ES419EA00ZD-CKSPXKV1N8BZF1W2WM48,A
A43CFF375738402AB37036082DE87B14,0QT6MFY1STBFBHMAH6J5-R3H8XPV95RSGQSFSM16V,A
1167AE476AC04C36B12168E3EEB688FE,0QT6MFY1STBFBHMAH6J5-R3H8XPV95RSGQSFSM16V,B
4E6CBAC7758B4F94BF377812FD402900,0QT6MFY1STBFBHMAH6J5-R3H8XPV95RSGQSFSM16V,BOTH
8D958F00E3F54684BCA320E35B758B23,0QT6MFY1STBFBHMAH6J5-R3H8XPV95RSGQSFSM16V,BOTH
12EDDEAE0B8C47039662826381098797,0QT6MFY1STBFBHMAH6J5-R3H8XPV95RSGQSFSM16V,A
76BA9BDC873D4122B10102F7030B9695,0QT6MFY1STBFBHMAH6J5-R3H8XPV95RSGQSFSM16V,BOTH
AE7D21D806CB44A780F66DD570CBDB0D,0QT6MFY1STBFBHMAH6J5-R3H8XPV95RSGQSFSM16V,BOTH
804259DA896B49E1B8704A3D8DAC8ECF,0QT6MFY1STBFBHMAH6J5-R3H8XPV95RSGQSFSM16V,BOTH
CB2E8827B59E46D0A2E77F25209FAAC7,0QT6MFY1STBFBHMAH6J5-R3H8XPV95RSGQSFSM16V,BOTH
E3C62D4DE64F429BBBD7450E79113795,0QT6MFY1STBFBHMAH6J5-R3H8XPV95RSGQSFSM16V,BOTH
B11ADD2C55A84CCEAA738FD3C4070978,0QT6MFY1STBFBHMAH6J5-R3H8XPV95RSGQSFSM16V,BOTH
348F55AD59444E4695D05798915E40D5,0QT6MFY1STBFBHMAH6J5-R3H8XPV95RSGQSFSM16V,BOTH
5CE507619E214F548D5BAD652965050D,0QT6MFY1STBFBHMAH6J5-R3H8XPV95RSGQSFSM16V,A
4E6CBAC7758B4F94BF377812FD402900,10Y6AMWC58NRNHKZJ6Y8-JTXQB1MX33RQW2PC1P08,B
B11ADD2C55A84CCEAA738FD3C4070978,10Y6AMWC58NRNHKZJ6Y8-JTXQB1MX33RQW2PC1P08,B
12EDDEAE0B8C47039662826381098797,10Y6AMWC58NRNHKZJ6Y8-JTXQB1MX33RQW2PC1P08,B
AE7D21D806CB44A780F66DD570CBDB0D,10Y6AMWC58NRNHKZJ6Y8-JTXQB1MX33RQW2PC1P08,B
A43CFF375738402AB37036082DE87B14,10Y6AMWC58NRNHKZJ6Y8-JTXQB1MX33RQW2PC1P08,B
1167AE476AC04C36B12168E3EEB688FE,10Y6AMWC58NRNHKZJ6Y8-JTXQB1MX33RQW2PC1P08,B
8D958F00E3F54684BCA320E35B758B23,10Y6AMWC58NRNHKZJ6Y8-JTXQB1MX33RQW2PC1P08,B
76BA9BDC873D4122B10102F7030B9695,10Y6AMWC58NRNHKZJ6Y8-JTXQB1MX33RQW2PC1P08,B
CB2E8827B59E46D0A2E77F25209FAAC7,10Y6AMWC58NRNHKZJ6Y8-JTXQB1MX33RQW2PC1P08,B
E3C62D4DE64F429BBBD7450E79113795,10Y6AMWC58NRNHKZJ6Y8-JTXQB1MX33RQW2PC1P08,B
804259DA896B49E1B8704A3D8DAC8ECF,10Y6AMWC58NRNHKZJ6Y8-JTXQB1MX33RQW2PC1P08,B
5CE507619E214F548D5BAD652965050D,10Y6AMWC58NRNHKZJ6Y8-JTXQB1MX33RQW2PC1P08,B
348F55AD59444E4695D05798915E40D5,10Y6AMWC58NRNHKZJ6Y8-JTXQB1MX33RQW2PC1P08,B
1167AE476AC04C36B12168E3EEB688FE,1E2E2DGMD24PVA7X2EZ2-Z1WVDNK4RA6ACQ1E9Y0Y,BOTH
AE7D21D806CB44A780F66DD570CBDB0D,1E2E2DGMD24PVA7X2EZ2-Z1WVDNK4RA6ACQ1E9Y0Y,BOTH
12EDDEAE0B8C47039662826381098797,1E2E2DGMD24PVA7X2EZ2-Z1WVDNK4RA6ACQ1E9Y0Y,BOTH
CB2E8827B59E46D0A2E77F25209FAAC7,1E2E2DGMD24PVA7X2EZ2-Z1WVDNK4RA6ACQ1E9Y0Y,BOTH
4E6CBAC7758B4F94BF377812FD402900,1E2E2DGMD24PVA7X2EZ2-Z1WVDNK4RA6ACQ1E9Y0Y,BOTH
348F55AD59444E4695D05798915E40D5,1E2E2DGMD24PVA7X2EZ2-Z1WVDNK4RA6ACQ1E9Y0Y,BOTH
76BA9BDC873D4122B10102F7030B9695,1E2E2DGMD24PVA7X2EZ2-Z1WVDNK4RA6ACQ1E9Y0Y,BOTH
E3C62D4DE64F429BBBD7450E79113795,1E2E2DGMD24PVA7X2EZ2-Z1WVDNK4RA6ACQ1E9Y0Y,BOTH
8D958F00E3F54684BCA320E35B758B23,1E2E2DGMD24PVA7X2EZ2-Z1WVDNK4RA6ACQ1E9Y0Y,BOTH
A43CFF375738402AB37036082DE87B14,1E2E2DGMD24PVA7X2EZ2-Z1WVDNK4RA6ACQ1E9Y0Y,BOTH
B11ADD2C55A84CCEAA738FD3C4070978,1E2E2DGMD24PVA7X2EZ2-Z1WVDNK4RA6ACQ1E9Y0Y,A
5CE507619E214F548D5BAD652965050D,1E2E2DGMD24PVA7X2EZ2-Z1WVDNK4RA6ACQ1E9Y0Y,BOTH
804259DA896B49E1B8704A3D8DAC8ECF,1E2E2DGMD24PVA7X2EZ2-Z1WVDNK4RA6ACQ1E9Y0Y,BOTH
E3C62D4DE64F429BBBD7450E79113795,1XTZ54TH2VAR4HG1FDSW-GPFDTQ1NCTMQW8X2P3KT,BOTH
A43CFF375738402AB37036082DE87B14,1XTZ54TH2VAR4HG1FDSW-GPFDTQ1NCTMQW8X2P3KT,B
CB2E8827B59E46D0A2E77F25209FAAC7,1XTZ54TH2VAR4HG1FDSW-GPFDTQ1NCTMQW8X2P3KT,BOTH
804259DA896B49E1B8704A3D8DAC8ECF,1XTZ54TH2VAR4HG1FDSW-GPFDTQ1NCTMQW8X2P3KT,BOTH
1167AE476AC04C36B12168E3EEB688FE,1XTZ54TH2VAR4HG1FDSW-GPFDTQ1NCTMQW8X2P3KT,B
B11ADD2C55A84CCEAA738FD3C4070978,1XTZ54TH2VAR4HG1FDSW-GPFDTQ1NCTMQW8X2P3KT,BOTH
12EDDEAE0B8C47039662826381098797,1XTZ54TH2VAR4HG1FDSW-GPFDTQ1NCTMQW8X2P3KT,BOTH
8D958F00E3F54684BCA320E35B758B23,1XTZ54TH2VAR4HG1FDSW-GPFDTQ1NCTMQW8X2P3KT,BOTH
348F55AD59444E4695D05798915E40D5,1XTZ54TH2VAR4HG1FDSW-GPFDTQ1NCTMQW8X2P3KT,BOTH
AE7D21D806CB44A780F66DD570CBDB0D,1XTZ54TH2VAR4HG1FDSW-GPFDTQ1NCTMQW8X2P3KT,B
4E6CBAC7758B4F94BF377812FD402900,1XTZ54TH2VAR4HG1FDSW-GPFDTQ1NCTMQW8X2P3KT,B
5CE507619E214F548D5BAD652965050D,1XTZ54TH2VAR4HG1FDSW-GPFDTQ1NCTMQW8X2P3KT,B
76BA9BDC873D4122B10102F7030B9695,1XTZ54TH2VAR4HG1FDSW-GPFDTQ1NCTMQW8X2P3KT,A
12EDDEAE0B8C47039662826381098797,20PH8TYRPVA32KJFRB71-4ZBJ4NM2GY35719QBGK0,A
1167AE476AC04C36B12168E3EEB688FE,20PH8TYRPVA32KJFRB71-4ZBJ4NM2GY35719QBGK0,BOTH
5CE507619E214F548D5BAD652965050D,20PH8TYRPVA32KJFRB71-4ZBJ4NM2GY35719QBGK0,A
8D958F00E3F54684BCA320E35B758B23,20PH8TYRPVA32KJFRB71-4ZBJ4NM2GY35719QBGK0,A
804259DA896B49E1B8704A3D8DAC8ECF,20PH8TYRPVA32KJFRB71-4ZBJ4NM2GY35719QBGK0,A
CB2E8827B59E46D0A2E77F25209FAAC7,20PH8TYRPVA32KJFRB71-4ZBJ4NM2GY35719QBGK0,A
E3C62D4DE64F429BBBD7450E79113795,20PH8TYRPVA32KJFRB71-4ZBJ4NM2GY35719QBGK0,BOTH
AE7D21D806CB44A780F66DD570CBDB0D,20PH8TYRPVA32KJFRB71-4ZBJ4NM2GY35719QBGK0,A
4E6CBAC7758B4F94BF377812FD402900,20PH8TYRPVA32KJFRB71-4ZBJ4NM2GY35719QBGK0,A
348F55AD59444E4695D05798915E40D5,20PH8TYRPVA32KJFRB71-4ZBJ4NM2GY35719QBGK0,BOTH
B11ADD2C55A84CCEAA738FD3C4070978,20PH8TYRPVA32KJFRB71-4ZBJ4NM2GY35719QBGK0,A
76BA9BDC873D4122B10102F7030B9695,20PH8TYRPVA32KJFRB71-4ZBJ4NM2GY35719QBGK0,A
A43CFF375738402AB37036082DE87B14,20PH8TYRPVA32KJFRB71-4ZBJ4NM2GY35719QBGK0,A
A43CFF375738402AB37036082DE87B14,21E8VZBZRK9ZPK819CWX-843NPVJKM1JRXGWZ96D4,B
B11ADD2C55A84CCEAA738FD3C4070978,21E8VZBZRK9ZPK819CWX-843NPVJKM1JRXGWZ96D4,BOTH
12EDDEAE0B8C47039662826381098797,21E8VZBZRK9ZPK819CWX-843NPVJKM1JRXGWZ96D4,A
CB2E8827B59E46D0A2E77F25209FAAC7,21E8VZBZRK9ZPK819CWX-843NPVJKM1JRXGWZ96D4,A
E3C62D4DE64F429BBBD7450E79113795,21E8VZBZRK9ZPK819CWX-843NPVJKM1JRXGWZ96D4,A
AE7D21D806CB44A780F66DD570CBDB0D,21E8VZBZRK9ZPK819CWX-843NPVJKM1JRXGWZ96D4,A
348F55AD59444E4695D05798915E40D5,21E8VZBZRK9ZPK819CWX-843NPVJKM1JRXGWZ96D4,A
4E6CBAC7758B4F94BF377812FD402900,21E8VZBZRK9ZPK819CWX-843NPVJKM1JRXGWZ96D4,A
5CE507619E214F548D5BAD652965050D,21E8VZBZRK9ZPK819CWX-843NPVJKM1JRXGWZ96D4,A
804259DA896B49E1B8704A3D8DAC8ECF,21E8VZBZRK9ZPK819CWX-843NPVJKM1JRXGWZ96D4,B
8D958F00E3F54684BCA320E35B758B23,21E8VZBZRK9ZPK819CWX-843NPVJKM1JRXGWZ96D4,A
1167AE476AC04C36B12168E3EEB688FE,21E8VZBZRK9ZPK819CWX-843NPVJKM1JRXGWZ96D4,B
76BA9BDC873D4122B10102F7030B9695,21E8VZBZRK9ZPK819CWX-843NPVJKM1JRXGWZ96D4,A
804259DA896B49E1B8704A3D8DAC8ECF,235S4B0PXBGHYTCGCKHN-BXTHQQE54JT6A9YCNWDH,A
76BA9BDC873D4122B10102F7030B9695,235S4B0PXBGHYTCGCKHN-BXTHQQE54JT6A9YCNWDH,B
5CE507619E214F548D5BAD652965050D,235S4B0PXBGHYTCGCKHN-BXTHQQE54JT6A9YCNWDH,A
8D958F00E3F54684BCA320E35B758B23,235S4B0PXBGHYTCGCKHN-BXTHQQE54JT6A9YCNWDH,B
12EDDEAE0B8C47039662826381098797,235S4B0PXBGHYTCGCKHN-BXTHQQE54JT6A9YCNWDH,A
1167AE476AC04C36B12168E3EEB688FE,235S4B0PXBGHYTCGCKHN-BXTHQQE54JT6A9YCNWDH,A
B11ADD2C55A84CCEAA738FD3C4070978,235S4B0PXBGHYTCGCKHN-BXTHQQE54JT6A9YCNWDH,B
E3C62D4DE64F429BBBD7450E79113795,235S4B0PXBGHYTCGCKHN-BXTHQQE54JT6A9YCNWDH,B
A43CFF375738402AB37036082DE87B14,235S4B0PXBGHYTCGCKHN-BXTHQQE54JT6A9YCNWDH,A
348F55AD59444E4695D05798915E40D5,235S4B0PXBGHYTCGCKHN-BXTHQQE54JT6A9YCNWDH,B
4E6CBAC7758B4F94BF377812FD402900,235S4B0PXBGHYTCGCKHN-BXTHQQE54JT6A9YCNWDH,A
CB2E8827B59E46D0A2E77F25209FAAC7,235S4B0PXBGHYTCGCKHN-BXTHQQE54JT6A9YCNWDH,B
AE7D21D806CB44A780F66DD570CBDB0D,235S4B0PXBGHYTCGCKHN-BXTHQQE54JT6A9YCNWDH,A
B11ADD2C55A84CCEAA738FD3C4070978,2Q0FNN2QZXMZSRF0D6ZW-HZBZFJXAQESWC4NSYZ0K,A
4E6CBAC7758B4F94BF377812FD402900,2Q0FNN2QZXMZSRF0D6ZW-HZBZFJXAQESWC4NSYZ0K,A
8D958F00E3F54684BCA320E35B758B23,2Q0FNN2QZXMZSRF0D6ZW-HZBZFJXAQESWC4NSYZ0K,B
1167AE476AC04C36B12168E3EEB688FE,2Q0FNN2QZXMZSRF0D6ZW-HZBZFJXAQESWC4NSYZ0K,B
CB2E8827B59E46D0A2E77F25209FAAC7,2Q0FNN2QZXMZSRF0D6ZW-HZBZFJXAQESWC4NSYZ0K,BOTH
12EDDEAE0B8C47039662826381098797,2Q0FNN2QZXMZSRF0D6ZW-HZBZFJXAQESWC4NSYZ0K,BOTH
A43CFF375738402AB37036082DE87B14,2Q0FNN2QZXMZSRF0D6ZW-HZBZFJXAQESWC4NSYZ0K,BOTH
E3C62D4DE64F429BBBD7450E79113795,2Q0FNN2QZXMZSRF0D6ZW-HZBZFJXAQESWC4NSYZ0K,BOTH
5CE507619E214F548D5BAD652965050D,2Q0FNN2QZXMZSRF0D6ZW-HZBZFJXAQESWC4NSYZ0K,A
76BA9BDC873D4122B10102F7030B9695,2Q0FNN2QZXMZSRF0D6ZW-HZBZFJXAQESWC4NSYZ0K,BOTH
348F55AD59444E4695D05798915E40D5,2Q0FNN2QZXMZSRF0D6ZW-HZBZFJXAQESWC4NSYZ0K,BOTH
804259DA896B49E1B8704A3D8DAC8ECF,2Q0FNN2QZXMZSRF0D6ZW-HZBZFJXAQESWC4NSYZ0K,A
AE7D21D806CB44A780F66DD570CBDB0D,2Q0FNN2QZXMZSRF0D6ZW-HZBZFJXAQESWC4NSYZ0K,A
76BA9BDC873D4122B10102F7030B9695,2R187TFAFERTTSW1NH5P-5XEWC6W02DYZBJBEV0Q3,A
5CE507619E214F548D5BAD652965050D,2R187TFAFERTTSW1NH5P-5XEWC6W02DYZBJBEV0Q3,A
4E6CBAC7758B4F94BF377812FD402900,2R187TFAFERTTSW1NH5P-5XEWC6W02DYZBJBEV0Q3,A
348F55AD59444E4695D05798915E40D5,2R187TFAFERTTSW1NH5P-5XEWC6W02DYZBJBEV0Q3,A
8D958F00E3F54684BCA320E35B758B23,2R187TFAFERTTSW1NH5P-5XEWC6W02DYZBJBEV0Q3,A
1167AE476AC04C36B12168E3EEB688FE,2R187TFAFERTTSW1NH5P-5XEWC6W02DYZBJBEV0Q3,A
B11ADD2C55A84CCEAA738FD3C4070978,2R187TFAFERTTSW1NH5P-5XEWC6W02DYZBJBEV0Q3,A
12EDDEAE0B8C47039662826381098797,2R187TFAFERTTSW1NH5P-5XEWC6W02DYZBJBEV0Q3,A
AE7D21D806CB44A780F66DD570CBDB0D,2R187TFAFERTTSW1NH5P-5XEWC6W02DYZBJBEV0Q3,A
CB2E8827B59E46D0A2E77F25209FAAC7,2R187TFAFERTTSW1NH5P-5XEWC6W02DYZBJBEV0Q3,A
A43CFF375738402AB37036082DE87B14,2R187TFAFERTTSW1NH5P-5XEWC6W02DYZBJBEV0Q3,A
804259DA896B49E1B8704A3D8DAC8ECF,2R187TFAFERTTSW1NH5P-5XEWC6W02DYZBJBEV0Q3,B
E3C62D4DE64F429BBBD7450E79113795,2R187TFAFERTTSW1NH5P-5XEWC6W02DYZBJBEV0Q3,A
CB2E8827B59E46D0A2E77F25209FAAC7,2YFB3V0B58M5M7Y2GE9Y-4E82638C8WJ4QYVGNVS3,B
76BA9BDC873D4122B10102F7030B9695,2YFB3V0B58M5M7Y2GE9Y-4E82638C8WJ4QYVGNVS3,B
8D958F00E3F54684BCA320E35B758B23,2YFB3V0B58M5M7Y2GE9Y-4E82638C8WJ4QYVGNVS3,B
5CE507619E214F548D5BAD652965050D,2YFB3V0B58M5M7Y2GE9Y-4E82638C8WJ4QYVGNVS3,B
804259DA896B49E1B8704A3D8DAC8ECF,2YFB3V0B58M5M7Y2GE9Y-4E82638C8WJ4QYVGNVS3,B
348F55AD59444E4695D05798915E40D5,2YFB3V0B58M5M7Y2GE9Y-4E82638C8WJ4QYVGNVS3,B
4E6CBAC7758B4F94BF377812FD402900,2YFB3V0B58M5M7Y2GE9Y-4E82638C8WJ4QYVGNVS3,B
1167AE476AC04C36B12168E3EEB688FE,2YFB3V0B58M5M7Y2GE9Y-4E82638C8WJ4QYVGNVS3,B
B11ADD2C55A84CCEAA738FD3C4070978,2YFB3V0B58M5M7Y2GE9Y-4E82638C8WJ4QYVGNVS3,B
12EDDEAE0B8C47039662826381098797,2YFB3V0B58M5M7Y2GE9Y-4E82638C8WJ4QYVGNVS3,BOTH
AE7D21D806CB44A780F66DD570CBDB0D,2YFB3V0B58M5M7Y2GE9Y-4E82638C8WJ4QYVGNVS3,B
E3C62D4DE64F429BBBD7450E79113795,2YFB3V0B58M5M7Y2GE9Y-4E82638C8WJ4QYVGNVS3,B
A43CFF375738402AB37036082DE87B14,2YFB3V0B58M5M7Y2GE9Y-4E82638C8WJ4QYVGNVS3,B
B11ADD2C55A84CCEAA738FD3C4070978,3EKTQDMYH3WSF4712RV1-4CJ0PHQ26SPANDV2RW1Z,A
CB2E8827B59E46D0A2E77F25209FAAC7,3EKTQDMYH3WSF4712RV1-4CJ0PHQ26SPANDV2RW1Z,A
AE7D21D806CB44A780F66DD570CBDB0D,3EKTQDMYH3WSF4712RV1-4CJ0PHQ26SPANDV2RW1Z,A
76BA9BDC873D4122B10102F7030B9695,3EKTQDMYH3WSF4712RV1-4CJ0PHQ26SPANDV2RW1Z,A
5CE507619E214F548D5BAD652965050D,3EKTQDMYH3WSF4712RV1-4CJ0PHQ26SPANDV2RW1Z,B
8D958F00E3F54684BCA320E35B758B23,3EKTQDMYH3WSF4712RV1-4CJ0PHQ26SPANDV2RW1Z,A
804259DA896B49E1B8704A3D8DAC8ECF,3EKTQDMYH3WSF4712RV1-4CJ0PHQ26SPANDV2RW1Z,B
A43CFF375738402AB37036082DE87B14,3EKTQDMYH3WSF4712RV1-4CJ0PHQ26SPANDV2RW1Z,A
4E6CBAC7758B4F94BF377812FD402900,3EKTQDMYH3WSF4712RV1-4CJ0PHQ26SPANDV2RW1Z,A
E3C62D4DE64F429BBBD7450E79113795,3EKTQDMYH3WSF4712RV1-4CJ0PHQ26SPANDV2RW1Z,A
12EDDEAE0B8C47039662826381098797,3EKTQDMYH3WSF4712RV1-4CJ0PHQ26SPANDV2RW1Z,A
1167AE476AC04C36B12168E3EEB688FE,3EKTQDMYH3WSF4712RV1-4CJ0PHQ26SPANDV2RW1Z,B
348F55AD59444E4695D05798915E40D5,3EKTQDMYH3WSF4712RV1-4CJ0PHQ26SPANDV2RW1Z,A
AE7D21D806CB44A780F66DD570CBDB0D,3JS2T44AQVXDT8SH9Y0W-MQ70S54CYYHSJPXF16JC,A
348F55AD59444E4695D05798915E40D5,3JS2T44AQVXDT8SH9Y0W-MQ70S54CYYHSJPXF16JC,BOTH
1167AE476AC04C36B12168E3EEB688FE,3JS2T44AQVXDT8SH9Y0W-MQ70S54CYYHSJPXF16JC,BOTH
804259DA896B49E1B8704A3D8DAC8ECF,3JS2T44AQVXDT8SH9Y0W-MQ70S54CYYHSJPXF16JC,B
5CE507619E214F548D5BAD652965050D,3JS2T44AQVXDT8SH9Y0W-MQ70S54CYYHSJPXF16JC,BOTH
12EDDEAE0B8C47039662826381098797,3JS2T44AQVXDT8SH9Y0W-MQ70S54CYYHSJPXF16JC,BOTH
B11ADD2C55A84CCEAA738FD3C4070978,3JS2T44AQVXDT8SH9Y0W-MQ70S54CYYHSJPXF16JC,BOTH
CB2E8827B59E46D0A2E77F25209FAAC7,3JS2T44AQVXDT8SH9Y0W-MQ70S54CYYHSJPXF16JC,BOTH
A43CFF375738402AB37036082DE87B14,3JS2T44AQVXDT8SH9Y0W-MQ70S54CYYHSJPXF16JC,A
E3C62D4DE64F429BBBD7450E79113795,3JS2T44AQVXDT8SH9Y0W-MQ70S54CYYHSJPXF16JC,A
76BA9BDC873D4122B10102F7030B9695,3JS2T44AQVXDT8SH9Y0W-MQ70S54CYYHSJPXF16JC,BOTH
4E6CBAC7758B4F94BF377812FD402900,3JS2T44AQVXDT8SH9Y0W-MQ70S54CYYHSJPXF16JC,BOTH
8D958F00E3F54684BCA320E35B758B23,3JS2T44AQVXDT8SH9Y0W-MQ70S54CYYHSJPXF16JC,A
E3C62D4DE64F429BBBD7450E79113795,45JFWRTTJHPHBGT52FX8-CS35WPYDZ64GFVQ6SMQ8,A
12EDDEAE0B8C47039662826381098797,45JFWRTTJHPHBGT52FX8-CS35WPYDZ64GFVQ6SMQ8,BOTH
804259DA896B49E1B8704A3D8DAC8ECF,45JFWRTTJHPHBGT52FX8-CS35WPYDZ64GFVQ6SMQ8,A
4E6CBAC7758B4F94BF377812FD402900,45JFWRTTJHPHBGT52FX8-CS35WPYDZ64GFVQ6SMQ8,A
1167AE476AC04C36B12168E3EEB688FE,45JFWRTTJHPHBGT52FX8-CS35WPYDZ64GFVQ6SMQ8,A
A43CFF375738402AB37036082DE87B14,45JFWRTTJHPHBGT52FX8-CS35WPYDZ64GFVQ6SMQ8,A
AE7D21D806CB44A780F66DD570CBDB0D,45JFWRTTJHPHBGT52FX8-CS35WPYDZ64GFVQ6SMQ8,A
8D958F00E3F54684BCA320E35B758B23,45JFWRTTJHPHBGT52FX8-CS35WPYDZ64GFVQ6SMQ8,A
5CE507619E214F548D5BAD652965050D,45JFWRTTJHPHBGT52FX8-CS35WPYDZ64GFVQ6SMQ8,A
CB2E8827B59E46D0A2E77F25209FAAC7,45JFWRTTJHPHBGT52FX8-CS35WPYDZ64GFVQ6SMQ8,A
348F55AD59444E4695D05798915E40D5,45JFWRTTJHPHBGT52FX8-CS35WPYDZ64GFVQ6SMQ8,BOTH
76BA9BDC873D4122B10102F7030B9695,45JFWRTTJHPHBGT52FX8-CS35WPYDZ64GFVQ6SMQ8,B
B11ADD2C55A84CCEAA738FD3C4070978,45JFWRTTJHPHBGT52FX8-CS35WPYDZ64GFVQ6SMQ8,BOTH
B11ADD2C55A84CCEAA738FD3C4070978,4FXBK1C51RK6WBM1DE2H-P1GESY3E9YQCVKWD30XN,BOTH
8D958F00E3F54684BCA320E35B758B23,4FXBK1C51RK6WBM1DE2H-P1GESY3E9YQCVKWD30XN,BOTH
76BA9BDC873D4122B10102F7030B9695,4FXBK1C51RK6WBM1DE2H-P1GESY3E9YQCVKWD30XN,BOTH
12EDDEAE0B8C47039662826381098797,4FXBK1C51RK6WBM1DE2H-P1GESY3E9YQCVKWD30XN,BOTH
E3C62D4DE64F429BBBD7450E79113795,4FXBK1C51RK6WBM1DE2H-P1GESY3E9YQCVKWD30XN,BOTH
A43CFF375738402AB37036082DE87B14,4FXBK1C51RK6WBM1DE2H-P1GESY3E9YQCVKWD30XN,BOTH
AE7D21D806CB44A780F66DD570CBDB0D,4FXBK1C51RK6WBM1DE2H-P1GESY3E9YQCVKWD30XN,BOTH
804259DA896B49E1B8704A3D8DAC8ECF,4FXBK1C51RK6WBM1DE2H-P1GESY3E9YQCVKWD30XN,BOTH
CB2E8827B59E46D0A2E77F25209FAAC7,4FXBK1C51RK6WBM1DE2H-P1GESY3E9YQCVKWD30XN,BOTH
1167AE476AC04C36B12168E3EEB688FE,4FXBK1C51RK6WBM1DE2H-P1GESY3E9YQCVKWD30XN,BOTH
348F55AD59444E4695D05798915E40D5,4FXBK1C51RK6WBM1DE2H-P1GESY3E9YQCVKWD30XN,BOTH
4E6CBAC7758B4F94BF377812FD402900,4FXBK1C51RK6WBM1DE2H-P1GESY3E9YQCVKWD30XN,BOTH
5CE507619E214F548D5BAD652965050D,4FXBK1C51RK6WBM1DE2H-P1GESY3E9YQCVKWD30XN,BOTH
12EDDEAE0B8C47039662826381098797,4VVD7PTNG4HG00AHKNE1-HBQ6WRNRMGARRJXCAPJX,A
348F55AD59444E4695D05798915E40D5,4VVD7PTNG4HG00AHKNE1-HBQ6WRNRMGARRJXCAPJX,BOTH
5CE507619E214F548D5BAD652965050D,4VVD7PTNG4HG00AHKNE1-HBQ6WRNRMGARRJXCAPJX,B
76BA9BDC873D4122B10102F7030B9695,4VVD7PTNG4HG00AHKNE1-HBQ6WRNRMGARRJXCAPJX,A
A43CFF375738402AB37036082DE87B14,4VVD7PTNG4HG00AHKNE1-HBQ6WRNRMGARRJXCAPJX,A
804259DA896B49E1B8704A3D8DAC8ECF,4VVD7PTNG4HG00AHKNE1-HBQ6WRNRMGARRJXCAPJX,B
CB2E8827B59E46D0A2E77F25209FAAC7,4VVD7PTNG4HG00AHKNE1-HBQ6WRNRMGARRJXCAPJX,A
E3C62D4DE64F429BBBD7450E79113795,4VVD7PTNG4HG00AHKNE1-HBQ6WRNRMGARRJXCAPJX,A
8D958F00E3F54684BCA320E35B758B23,4VVD7PTNG4HG00AHKNE1-HBQ6WRNRMGARRJXCAPJX,A
AE7D21D806CB44A780F66DD570CBDB0D,4VVD7PTNG4HG00AHKNE1-HBQ6WRNRMGARRJXCAPJX,A
4E6CBAC7758B4F94BF377812FD402900,4VVD7PTNG4HG00AHKNE1-HBQ6WRNRMGARRJXCAPJX,A
B11ADD2C55A84CCEAA738FD3C4070978,4VVD7PTNG4HG00AHKNE1-HBQ6WRNRMGARRJXCAPJX,A
1167AE476AC04C36B12168E3EEB688FE,4VVD7PTNG4HG00AHKNE1-HBQ6WRNRMGARRJXCAPJX,B
12EDDEAE0B8C47039662826381098797,56DYR0E65GC1FTHJYNAF-YK44CRWJ691WZNGCRGB9,BOTH
76BA9BDC873D4122B10102F7030B9695,56DYR0E65GC1FTHJYNAF-YK44CRWJ691WZNGCRGB9,BOTH
B11ADD2C55A84CCEAA738FD3C4070978,56DYR0E65GC1FTHJYNAF-YK44CRWJ691WZNGCRGB9,BOTH
1167AE476AC04C36B12168E3EEB688FE,56DYR0E65GC1FTHJYNAF-YK44CRWJ691WZNGCRGB9,B
804259DA896B49E1B8704A3D8DAC8ECF,56DYR0E65GC1FTHJYNAF-YK44CRWJ691WZNGCRGB9,A
8D958F00E3F54684BCA320E35B758B23,56DYR0E65GC1FTHJYNAF-YK44CRWJ691WZNGCRGB9,BOTH
AE7D21D806CB44A780F66DD570CBDB0D,56DYR0E65GC1FTHJYNAF-YK44CRWJ691WZNGCRGB9,B
5CE507619E214F548D5BAD652965050D,56DYR0E65GC1FTHJYNAF-YK44CRWJ691WZNGCRGB9,BOTH
CB2E8827B59E46D0A2E77F25209FAAC7,56DYR0E65GC1FTHJYNAF-YK44CRWJ691WZNGCRGB9,B
348F55AD59444E4695D05798915E40D5,56DYR0E65GC1FTHJYNAF-YK44CRWJ691WZNGCRGB9,BOTH
E3C62D4DE64F429BBBD7450E79113795,56DYR0E65GC1FTHJYNAF-YK44CRWJ691WZNGCRGB9,BOTH
4E6CBAC7758B4F94BF377812FD402900,56DYR0E65GC1FTHJYNAF-YK44CRWJ691WZNGCRGB9,BOTH
A43CFF375738402AB37036082DE87B14,56DYR0E65GC1FTHJYNAF-YK44CRWJ691WZNGCRGB9,BOTH
5CE507619E214F548D5BAD652965050D,5A6N09BRQS2083G5CJ4B-STC9A2YMTEKRXEE51XQ3,B
1167AE476AC04C36B12168E3EEB688FE,5A6N09BRQS2083G5CJ4B-STC9A2YMTEKRXEE51XQ3,B
76BA9BDC873D4122B10102F7030B9695,5A6N09BRQS2083G5CJ4B-STC9A2YMTEKRXEE51XQ3,B
348F55AD59444E4695D05798915E40D5,5A6N09BRQS2083G5CJ4B-STC9A2YMTEKRXEE51XQ3,BOTH
AE7D21D806CB44A780F66DD570CBDB0D,5A6N09BRQS2083G5CJ4B-STC9A2YMTEKRXEE51XQ3,A
804259DA896B49E1B8704A3D8DAC8ECF,5A6N09BRQS2083G5CJ4B-STC9A2YMTEKRXEE51XQ3,B
12EDDEAE0B8C47039662826381098797,5A6N09BRQS2083G5CJ4B-STC9A2YMTEKRXEE51XQ3,B
4E6CBAC7758B4F94BF377812FD402900,5A6N09BRQS2083G5CJ4B-STC9A2YMTEKRXEE51XQ3,B
E3C62D4DE64F429BBBD7450E79113795,5A6N09BRQS2083G5CJ4B-STC9A2YMTEKRXEE51XQ3,BOTH
B11ADD2C55A84CCEAA738FD3C4070978,5A6N09BRQS2083G5CJ4B-STC9A2YMTEKRXEE51XQ3,BOTH
CB2E8827B59E46D0A2E77F25209FAAC7,5A6N09BRQS2083G5CJ4B-STC9A2YMTEKRXEE51XQ3,BOTH
A43CFF375738402AB37036082DE87B14,5A6N09BRQS2083G5CJ4B-STC9A2YMTEKRXEE51XQ3,A
8D958F00E3F54684BCA320E35B758B23,5A6N09BRQS2083G5CJ4B-STC9A2YMTEKRXEE51XQ3,A
8D958F00E3F54684BCA320E35B758B23,5CKT45QVJ7ABTJFT91HY-ZK8DC3KHVH00QQ8V0H9E,B
AE7D21D806CB44A780F66DD570CBDB0D,5CKT45QVJ7ABTJFT91HY-ZK8DC3KHVH00QQ8V0H9E,B
CB2E8827B59E46D0A2E77F25209FAAC7,5CKT45QVJ7ABTJFT91HY-ZK8DC3KHVH00QQ8V0H9E,B
348F55AD59444E4695D05798915E40D5,5CKT45QVJ7ABTJFT91HY-ZK8DC3KHVH00QQ8V0H9E,B
5CE507619E214F548D5BAD652965050D,5CKT45QVJ7ABTJFT91HY-ZK8DC3KHVH00QQ8V0H9E,A
E3C62D4DE64F429BBBD7450E79113795,5CKT45QVJ7ABTJFT91HY-ZK8DC3KHVH00QQ8V0H9E,A
804259DA896B49E1B8704A3D8DAC8ECF,5CKT45QVJ7ABTJFT91HY-ZK8DC3KHVH00QQ8V0H9E,A
4E6CBAC7758B4F94BF377812FD402900,5CKT45QVJ7ABTJFT91HY-ZK8DC3KHVH00QQ8V0H9E,BOTH
76BA9BDC873D4122B10102F7030B9695,5CKT45QVJ7ABTJFT91HY-ZK8DC3KHVH00QQ8V0H9E,B
A43CFF375738402AB37036082DE87B14,5CKT45QVJ7ABTJFT91HY-ZK8DC3KHVH00QQ8V0H9E,A
B11ADD2C55A84CCEAA738FD3C4070978,5CKT45QVJ7ABTJFT91HY-ZK8DC3KHVH00QQ8V0H9E,A
1167AE476AC04C36B12168E3EEB688FE,5CKT45QVJ7ABTJFT91HY-ZK8DC3KHVH00QQ8V0H9E,B
12EDDEAE0B8C47039662826381098797,5CKT45QVJ7ABTJFT91HY-ZK8DC3KHVH00QQ8V0H9E,BOTH
AE7D21D806CB44A780F66DD570CBDB0D,5PXZ14GZTXBC2H4WMAB6-7N6KM82N9KF10RYX7Q2E,A
76BA9BDC873D4122B10102F7030B9695,5PXZ14GZTXBC2H4WMAB6-7N6KM82N9KF10RYX7Q2E,A
5CE507619E214F548D5BAD652965050D,5PXZ14GZTXBC2H4WMAB6-7N6KM82N9KF10RYX7Q2E,A
A43CFF375738402AB37036082DE87B14,5PXZ14GZTXBC2H4WMAB6-7N6KM82N9KF10RYX7Q2E,A
8D958F00E3F54684BCA320E35B758B23,5PXZ14GZTXBC2H4WMAB6-7N6KM82N9KF10RYX7Q2E,A
4E6CBAC7758B4F94BF377812FD402900,5PXZ14GZTXBC2H4WMAB6-7N6KM82N9KF10RYX7Q2E,A
E3C62D4DE64F429BBBD7450E79113795,5PXZ14GZTXBC2H4WMAB6-7N6KM82N9KF10RYX7Q2E,A
348F55AD59444E4695D05798915E40D5,5PXZ14GZTXBC2H4WMAB6-7N6KM82N9KF10RYX7Q2E,A
B11ADD2C55A84CCEAA738FD3C4070978,5PXZ14GZTXBC2H4WMAB6-7N6KM82N9KF10RYX7Q2E,A
804259DA896B49E1B8704A3D8DAC8ECF,5PXZ14GZTXBC2H4WMAB6-7N6KM82N9KF10RYX7Q2E,A
12EDDEAE0B8C47039662826381098797,5PXZ14GZTXBC2H4WMAB6-7N6KM82N9KF10RYX7Q2E,A
CB2E8827B59E46D0A2E77F25209FAAC7,5PXZ14GZTXBC2H4WMAB6-7N6KM82N9KF10RYX7Q2E,A
1167AE476AC04C36B12168E3EEB688FE,5PXZ14GZTXBC2H4WMAB6-7N6KM82N9KF10RYX7Q2E,A
1167AE476AC04C36B12168E3EEB688FE,5TQSH0AHG9DR5TTPFN7B-K9AZZM4NDVCZQE6G7YPW,B
8D958F00E3F54684BCA320E35B758B23,5TQSH0AHG9DR5TTPFN7B-K9AZZM4NDVCZQE6G7YPW,B
12EDDEAE0B8C47039662826381098797,5TQSH0AHG9DR5TTPFN7B-K9AZZM4NDVCZQE6G7YPW,BOTH
AE7D21D806CB44A780F66DD570CBDB0D,5TQSH0AHG9DR5TTPFN7B-K9AZZM4NDVCZQE6G7YPW,B
804259DA896B49E1B8704A3D8DAC8ECF,5TQSH0AHG9DR5TTPFN7B-K9AZZM4NDVCZQE6G7YPW,B
E3C62D4DE64F429BBBD7450E79113795,5TQSH0AHG9DR5TTPFN7B-K9AZZM4NDVCZQE6G7YPW,BOTH
5CE507619E214F548D5BAD652965050D,5TQSH0AHG9DR5TTPFN7B-K9AZZM4NDVCZQE6G7YPW,A
76BA9BDC873D4122B10102F7030B9695,5TQSH0AHG9DR5TTPFN7B-K9AZZM4NDVCZQE6G7YPW,B
B11ADD2C55A84CCEAA738FD3C4070978,5TQSH0AHG9DR5TTPFN7B-K9AZZM4NDVCZQE6G7YPW,BOTH
348F55AD59444E4695D05798915E40D5,5TQSH0AHG9DR5TTPFN7B-K9AZZM4NDVCZQE6G7YPW,BOTH
CB2E8827B59E46D0A2E77F25209FAAC7,5TQSH0AHG9DR5TTPFN7B-K9AZZM4NDVCZQE6G7YPW,B
4E6CBAC7758B4F94BF377812FD402900,5TQSH0AHG9DR5TTPFN7B-K9AZZM4NDVCZQE6G7YPW,BOTH
A43CFF375738402AB37036082DE87B14,5TQSH0AHG9DR5TTPFN7B-K9AZZM4NDVCZQE6G7YPW,B
1167AE476AC04C36B12168E3EEB688FE,5XDH0Q90KEP9NQT73SS7-WFJ62NR2V7PXPR59YGCG,BOTH
12EDDEAE0B8C47039662826381098797,5XDH0Q90KEP9NQT73SS7-WFJ62NR2V7PXPR59YGCG,BOTH
B11ADD2C55A84CCEAA738FD3C4070978,5XDH0Q90KEP9NQT73SS7-WFJ62NR2V7PXPR59YGCG,A
76BA9BDC873D4122B10102F7030B9695,5XDH0Q90KEP9NQT73SS7-WFJ62NR2V7PXPR59YGCG,B
AE7D21D806CB44A780F66DD570CBDB0D,5XDH0Q90KEP9NQT73SS7-WFJ62NR2V7PXPR59YGCG,BOTH
E3C62D4DE64F429BBBD7450E79113795,5XDH0Q90KEP9NQT73SS7-WFJ62NR2V7PXPR59YGCG,BOTH
A43CFF375738402AB37036082DE87B14,5XDH0Q90KEP9NQT73SS7-WFJ62NR2V7PXPR59YGCG,BOTH
804259DA896B49E1B8704A3D8DAC8ECF,5XDH0Q90KEP9NQT73SS7-WFJ62NR2V7PXPR59YGCG,BOTH
5CE507619E214F548D5BAD652965050D,5XDH0Q90KEP9NQT73SS7-WFJ62NR2V7PXPR59YGCG,A
4E6CBAC7758B4F94BF377812FD402900,5XDH0Q90KEP9NQT73SS7-WFJ62NR2V7PXPR59YGCG,BOTH
348F55AD59444E4695D05798915E40D5,5XDH0Q90KEP9NQT73SS7-WFJ62NR2V7PXPR59YGCG,BOTH
CB2E8827B59E46D0A2E77F25209FAAC7,5XDH0Q90KEP9NQT73SS7-WFJ62NR2V7PXPR59YGCG,BOTH
8D958F00E3F54684BCA320E35B758B23,5XDH0Q90KEP9NQT73SS7-WFJ62NR2V7PXPR59YGCG,B
8D958F00E3F54684BCA320E35B758B23,67KVE430SP1PNG8CMGVV-73F743PQCNKPGGWEK5KQ,A
4E6CBAC7758B4F94BF377812FD402900,67KVE430SP1PNG8CMGVV-73F743PQCNKPGGWEK5KQ,BOTH
B11ADD2C55A84CCEAA738FD3C4070978,67KVE430SP1PNG8CMGVV-73F743PQCNKPGGWEK5KQ,B
CB2E8827B59E46D0A2E77F25209FAAC7,67KVE430SP1PNG8CMGVV-73F743PQCNKPGGWEK5KQ,A
A43CFF375738402AB37036082DE87B14,67KVE430SP1PNG8CMGVV-73F743PQCNKPGGWEK5KQ,A
5CE507619E214F548D5BAD652965050D,67KVE430SP1PNG8CMGVV-73F743PQCNKPGGWEK5KQ,B
E3C62D4DE64F429BBBD7450E79113795,67KVE430SP1PNG8CMGVV-73F743PQCNKPGGWEK5KQ,A
1167AE476AC04C36B12168E3EEB688FE,67KVE430SP1PNG8CMGVV-73F743PQCNKPGGWEK5KQ,B
348F55AD59444E4695D05798915E40D5,67KVE430SP1PNG8CMGVV-73F743PQCNKPGGWEK5KQ,BOTH
12EDDEAE0B8C47039662826381098797,67KVE430SP1PNG8CMGVV-73F743PQCNKPGGWEK5KQ,B
76BA9BDC873D4122B10102F7030B9695,67KVE430SP1PNG8CMGVV-73F743PQCNKPGGWEK5KQ,A
AE7D21D806CB44A780F66DD570CBDB0D,67KVE430SP1PNG8CMGVV-73F743PQCNKPGGWEK5KQ,A
804259DA896B49E1B8704A3D8DAC8ECF,67KVE430SP1PNG8CMGVV-73F743PQCNKPGGWEK5KQ,B
CB2E8827B59E46D0A2E77F25209FAAC7,6TSG3EGCFE5D31AGJ21M-9T8CZSY27WABRZQ5MGJZ,A
5CE507619E214F548D5BAD652965050D,6TSG3EGCFE5D31AGJ21M-9T8CZSY27WABRZQ5MGJZ,A
348F55AD59444E4695D05798915E40D5,6TSG3EGCFE5D31AGJ21M-9T8CZSY27WABRZQ5MGJZ,A
B11ADD2C55A84CCEAA738FD3C4070978,6TSG3EGCFE5D31AGJ21M-9T8CZSY27WABRZQ5MGJZ,A
804259DA896B49E1B8704A3D8DAC8ECF,6TSG3EGCFE5D31AGJ21M-9T8CZSY27WABRZQ5MGJZ,A
12EDDEAE0B8C47039662826381098797,6TSG3EGCFE5D31AGJ21M-9T8CZSY27WABRZQ5MGJZ,A
4E6CBAC7758B4F94BF377812FD402900,6TSG3EGCFE5D31AGJ21M-9T8CZSY27WABRZQ5MGJZ,A
76BA9BDC873D4122B10102F7030B9695,6TSG3EGCFE5D31AGJ21M-9T8CZSY27WABRZQ5MGJZ,A
AE7D21D806CB44A780F66DD570CBDB0D,6TSG3EGCFE5D31AGJ21M-9T8CZSY27WABRZQ5MGJZ,A
8D958F00E3F54684BCA320E35B758B23,6TSG3EGCFE5D31AGJ21M-9T8CZSY27WABRZQ5MGJZ,A
E3C62D4DE64F429BBBD7450E79113795,6TSG3EGCFE5D31AGJ21M-9T8CZSY27WABRZQ5MGJZ,A
1167AE476AC04C36B12168E3EEB688FE,6TSG3EGCFE5D31AGJ21M-9T8CZSY27WABRZQ5MGJZ,A
A43CFF375738402AB37036082DE87B14,6TSG3EGCFE5D31AGJ21M-9T8CZSY27WABRZQ5MGJZ,A
B11ADD2C55A84CCEAA738FD3C4070978,774MP4DBW2N2PQ5ZNGH9-T6VB2040JWVW08C9QTRH,BOTH
804259DA896B49E1B8704A3D8DAC8ECF,774MP4DBW2N2PQ5ZNGH9-T6VB2040JWVW08C9QTRH,A
5CE507619E214F548D5BAD652965050D,774MP4DBW2N2PQ5ZNGH9-T6VB2040JWVW08C9QTRH,A
E3C62D4DE64F429BBBD7450E79113795,774MP4DBW2N2PQ5ZNGH9-T6VB2040JWVW08C9QTRH,B
8D958F00E3F54684BCA320E35B758B23,774MP4DBW2N2PQ5ZNGH9-T6VB2040JWVW08C9QTRH,B
4E6CBAC7758B4F94BF377812FD402900,774MP4DBW2N2PQ5ZNGH9-T6VB2040JWVW08C9QTRH,BOTH
12EDDEAE0B8C47039662826381098797,774MP4DBW2N2PQ5ZNGH9-T6VB2040JWVW08C9QTRH,BOTH
CB2E8827B59E46D0A2E77F25209FAAC7,774MP4DBW2N2PQ5ZNGH9-T6VB2040JWVW08C9QTRH,B
A43CFF375738402AB37036082DE87B14,774MP4DBW2N2PQ5ZNGH9-T6VB2040JWVW08C9QTRH,B
76BA9BDC873D4122B10102F7030B9695,774MP4DBW2N2PQ5ZNGH9-T6VB2040JWVW08C9QTRH,B
AE7D21D806CB44A780F66DD570CBDB0D,774MP4DBW2N2PQ5ZNGH9-T6VB2040JWVW08C9QTRH,B
1167AE476AC04C36B12168E3EEB688FE,774MP4DBW2N2PQ5ZNGH9-T6VB2040JWVW08C9QTRH,B
348F55AD59444E4695D05798915E40D5,774MP4DBW2N2PQ5ZNGH9-T6VB2040JWVW08C9QTRH,BOTH
76BA9BDC873D4122B10102F7030B9695,7J0P7A1D9QQXHQ8N8Y7T-R448NY0AR3GHN92ATWZD,BOTH
12EDDEAE0B8C47039662826381098797,7J0P7A1D9QQXHQ8N8Y7T-R448NY0AR3GHN92ATWZD,B
E3C62D4DE64F429BBBD7450E79113795,7J0P7A1D9QQXHQ8N8Y7T-R448NY0AR3GHN92ATWZD,BOTH
5CE507619E214F548D5BAD652965050D,7J0P7A1D9QQXHQ8N8Y7T-R448NY0AR3GHN92ATWZD,A
B11ADD2C55A84CCEAA738FD3C4070978,7J0P7A1D9QQXHQ8N8Y7T-R448NY0AR3GHN92ATWZD,BOTH
8D958F00E3F54684BCA320E35B758B23,7J0P7A1D9QQXHQ8N8Y7T-R448NY0AR3GHN92ATWZD,B
348F55AD59444E4695D05798915E40D5,7J0P7A1D9QQXHQ8N8Y7T-R448NY0AR3GHN92ATWZD,B
804259DA896B49E1B8704A3D8DAC8ECF,7J0P7A1D9QQXHQ8N8Y7T-R448NY0AR3GHN92ATWZD,B
1167AE476AC04C36B12168E3EEB688FE,7J0P7A1D9QQXHQ8N8Y7T-R448NY0AR3GHN92ATWZD,B
AE7D21D806CB44A780F66DD570CBDB0D,7J0P7A1D9QQXHQ8N8Y7T-R448NY0AR3GHN92ATWZD,B
A43CFF375738402AB37036082DE87B14,7J0P7A1D9QQXHQ8N8Y7T-R448NY0AR3GHN92ATWZD,A
4E6CBAC7758B4F94BF377812FD402900,7J0P7A1D9QQXHQ8N8Y7T-R448NY0AR3GHN92ATWZD,B
CB2E8827B59E46D0A2E77F25209FAAC7,7J0P7A1D9QQXHQ8N8Y7T-R448NY0AR3GHN92ATWZD,B
12EDDEAE0B8C47039662826381098797,7TNN6Y5GBA3T74CCHPES-D225YG3ZT3EBEHXR35K4,BOTH
1167AE476AC04C36B12168E3EEB688FE,7TNN6Y5GBA3T74CCHPES-D225YG3ZT3EBEHXR35K4,A
8D958F00E3F54684BCA320E35B758B23,7TNN6Y5GBA3T74CCHPES-D225YG3ZT3EBEHXR35K4,A
B11ADD2C55A84CCEAA738FD3C4070978,7TNN6Y5GBA3T74CCHPES-D225YG3ZT3EBEHXR35K4,A
AE7D21D806CB44A780F66DD570CBDB0D,7TNN6Y5GBA3T74CCHPES-D225YG3ZT3EBEHXR35K4,A
4E6CBAC7758B4F94BF377812FD402900,7TNN6Y5GBA3T74CCHPES-D225YG3ZT3EBEHXR35K4,A
CB2E8827B59E46D0A2E77F25209FAAC7,7TNN6Y5GBA3T74CCHPES-D225YG3ZT3EBEHXR35K4,A
E3C62D4DE64F429BBBD7450E79113795,7TNN6Y5GBA3T74CCHPES-D225YG3ZT3EBEHXR35K4,BOTH
76BA9BDC873D4122B10102F7030B9695,7TNN6Y5GBA3T74CCHPES-D225YG3ZT3EBEHXR35K4,BOTH
804259DA896B49E1B8704A3D8DAC8ECF,7TNN6Y5GBA3T74CCHPES-D225YG3ZT3EBEHXR35K4,A
348F55AD59444E4695D05798915E40D5,7TNN6Y5GBA3T74CCHPES-D225YG3ZT3EBEHXR35K4,A
A43CFF375738402AB37036082DE87B14,7TNN6Y5GBA3T74CCHPES-D225YG3ZT3EBEHXR35K4,B
5CE507619E214F548D5BAD652965050D,7TNN6Y5GBA3T74CCHPES-D225YG3ZT3EBEHXR35K4,A
8D958F00E3F54684BCA320E35B758B23,801JPWHQ4AZS14VZE0WD-BH8HG8C97959D0FGJGR5,A
4E6CBAC7758B4F94BF377812FD402900,801JPWHQ4AZS14VZE0WD-BH8HG8C97959D0FGJGR5,BOTH
AE7D21D806CB44A780F66DD570CBDB0D,801JPWHQ4AZS14VZE0WD-BH8HG8C97959D0FGJGR5,A
76BA9BDC873D4122B10102F7030B9695,801JPWHQ4AZS14VZE0WD-BH8HG8C97959D0FGJGR5,BOTH
1167AE476AC04C36B12168E3EEB688FE,801JPWHQ4AZS14VZE0WD-BH8HG8C97959D0FGJGR5,B
CB2E8827B59E46D0A2E77F25209FAAC7,801JPWHQ4AZS14VZE0WD-BH8HG8C97959D0FGJGR5,A
348F55AD59444E4695D05798915E40D5,801JPWHQ4AZS14VZE0WD-BH8HG8C97959D0FGJGR5,BOTH
A43CFF375738402AB37036082DE87B14,801JPWHQ4AZS14VZE0WD-BH8HG8C97959D0FGJGR5,A
B11ADD2C55A84CCEAA738FD3C4070978,801JPWHQ4AZS14VZE0WD-BH8HG8C97959D0FGJGR5,BOTH
E3C62D4DE64F429BBBD7450E79113795,801JPWHQ4AZS14VZE0WD-BH8HG8C97959D0FGJGR5,BOTH
804259DA896B49E1B8704A3D8DAC8ECF,801JPWHQ4AZS14VZE0WD-BH8HG8C97959D0FGJGR5,B
12EDDEAE0B8C47039662826381098797,801JPWHQ4AZS14VZE0WD-BH8HG8C97959D0FGJGR5,BOTH
5CE507619E214F548D5BAD652965050D,801JPWHQ4AZS14VZE0WD-BH8HG8C97959D0FGJGR5,A
1167AE476AC04C36B12168E3EEB688FE,88CAE537EWVWRHCFD7J2-GJ1AKBZ5E3ZNVD3CZ0DC,A
CB2E8827B59E46D0A2E77F25209FAAC7,88CAE537EWVWRHCFD7J2-GJ1AKBZ5E3ZNVD3CZ0DC,A
12EDDEAE0B8C47039662826381098797,88CAE537EWVWRHCFD7J2-GJ1AKBZ5E3ZNVD3CZ0DC,BOTH
8D958F00E3F54684BCA320E35B758B23,88CAE537EWVWRHCFD7J2-GJ1AKBZ5E3ZNVD3CZ0DC,A
AE7D21D806CB44A780F66DD570CBDB0D,88CAE537EWVWRHCFD7J2-GJ1AKBZ5E3ZNVD3CZ0DC,BOTH
A43CFF375738402AB37036082DE87B14,88CAE537EWVWRHCFD7J2-GJ1AKBZ5E3ZNVD3CZ0DC,BOTH
4E6CBAC7758B4F94BF377812FD402900,88CAE537EWVWRHCFD7J2-GJ1AKBZ5E3ZNVD3CZ0DC,BOTH
76BA9BDC873D4122B10102F7030B9695,88CAE537EWVWRHCFD7J2-GJ1AKBZ5E3ZNVD3CZ0DC,BOTH
B11ADD2C55A84CCEAA738FD3C4070978,88CAE537EWVWRHCFD7J2-GJ1AKBZ5E3ZNVD3CZ0DC,A
348F55AD59444E4695D05798915E40D5,88CAE537EWVWRHCFD7J2-GJ1AKBZ5E3ZNVD3CZ0DC,BOTH
804259DA896B49E1B8704A3D8DAC8ECF,88CAE537EWVWRHCFD7J2-GJ1AKBZ5E3ZNVD3CZ0DC,BOTH
E3C62D4DE64F429BBBD7450E79113795,88CAE537EWVWRHCFD7J2-GJ1AKBZ5E3ZNVD3CZ0DC,BOTH
5CE507619E214F548D5BAD652965050D,88CAE537EWVWRHCFD7J2-GJ1AKBZ5E3ZNVD3CZ0DC,A
12EDDEAE0B8C47039662826381098797,8Z4DPX524RHAB09BAJ0M-Y4F423YPP9X8ZXES5BB4,B
348F55AD59444E4695D05798915E40D5,8Z4DPX524RHAB09BAJ0M-Y4F423YPP9X8ZXES5BB4,B
5CE507619E214F548D5BAD652965050D,8Z4DPX524RHAB09BAJ0M-Y4F423YPP9X8ZXES5BB4,B
1167AE476AC04C36B12168E3EEB688FE,8Z4DPX524RHAB09BAJ0M-Y4F423YPP9X8ZXES5BB4,B
A43CFF375738402AB37036082DE87B14,8Z4DPX524RHAB09BAJ0M-Y4F423YPP9X8ZXES5BB4,B
AE7D21D806CB44A780F66DD570CBDB0D,8Z4DPX524RHAB09BAJ0M-Y4F423YPP9X8ZXES5BB4,B
8D958F00E3F54684BCA320E35B758B23,8Z4DPX524RHAB09BAJ0M-Y4F423YPP9X8ZXES5BB4,B
4E6CBAC7758B4F94BF377812FD402900,8Z4DPX524RHAB09BAJ0M-Y4F423YPP9X8ZXES5BB4,B
B11ADD2C55A84CCEAA738FD3C4070978,8Z4DPX524RHAB09BAJ0M-Y4F423YPP9X8ZXES5BB4,B
804259DA896B49E1B8704A3D8DAC8ECF,8Z4DPX524RHAB09BAJ0M-Y4F423YPP9X8ZXES5BB4,B
E3C62D4DE64F429BBBD7450E79113795,8Z4DPX524RHAB09BAJ0M-Y4F423YPP9X8ZXES5BB4,B
76BA9BDC873D4122B10102F7030B9695,8Z4DPX524RHAB09BAJ0M-Y4F423YPP9X8ZXES5BB4,B
CB2E8827B59E46D0A2E77F25209FAAC7,8Z4DPX524RHAB09BAJ0M-Y4F423YPP9X8ZXES5BB4,B
AE7D21D806CB44A780F66DD570CBDB0D,9F22PV85GC057P8RQZZH-XNCFZ73SSXFNYV2B2X2D,BOTH
12EDDEAE0B8C47039662826381098797,9F22PV85GC057P8RQZZH-XNCFZ73SSXFNYV2B2X2D,BOTH
804259DA896B49E1B8704A3D8DAC8ECF,9F22PV85GC057P8RQZZH-XNCFZ73SSXFNYV2B2X2D,BOTH
CB2E8827B59E46D0A2E77F25209FAAC7,9F22PV85GC057P8RQZZH-XNCFZ73SSXFNYV2B2X2D,A
A43CFF375738402AB37036082DE87B14,9F22PV85GC057P8RQZZH-XNCFZ73SSXFNYV2B2X2D,BOTH
5CE507619E214F548D5BAD652965050D,9F22PV85GC057P8RQZZH-XNCFZ73SSXFNYV2B2X2D,BOTH
1167AE476AC04C36B12168E3EEB688FE,9F22PV85GC057P8RQZZH-XNCFZ73SSXFNYV2B2X2D,BOTH
76BA9BDC873D4122B10102F7030B9695,9F22PV85GC057P8RQZZH-XNCFZ73SSXFNYV2B2X2D,BOTH
8D958F00E3F54684BCA320E35B758B23,9F22PV85GC057P8RQZZH-XNCFZ73SSXFNYV2B2X2D,BOTH
4E6CBAC7758B4F94BF377812FD402900,9F22PV85GC057P8RQZZH-XNCFZ73SSXFNYV2B2X2D,BOTH
B11ADD2C55A84CCEAA738FD3C4070978,9F22PV85GC057P8RQZZH-XNCFZ73SSXFNYV2B2X2D,BOTH
E3C62D4DE64F429BBBD7450E79113795,9F22PV85GC057P8RQZZH-XNCFZ73SSXFNYV2B2X2D,BOTH
348F55AD59444E4695D05798915E40D5,9F22PV85GC057P8RQZZH-XNCFZ73SSXFNYV2B2X2D,BOTH
CB2E8827B59E46D0A2E77F25209FAAC7,9F2EH6P72AJ4TSB1C3WM-EK6W89FM10J8CN7YD1ND,A
804259DA896B49E1B8704A3D8DAC8ECF,9F2EH6P72AJ4TSB1C3WM-EK6W89FM10J8CN7YD1ND,A
76BA9BDC873D4122B10102F7030B9695,9F2EH6P72AJ4TSB1C3WM-EK6W89FM10J8CN7YD1ND,A
4E6CBAC7758B4F94BF377812FD402900,9F2EH6P72AJ4TSB1C3WM-EK6W89FM10J8CN7YD1ND,A
E3C62D4DE64F429BBBD7450E79113795,9F2EH6P72AJ4TSB1C3WM-EK6W89FM10J8CN7YD1ND,A
12EDDEAE0B8C47039662826381098797,9F2EH6P72AJ4TSB1C3WM-EK6W89FM10J8CN7YD1ND,BOTH
8D958F00E3F54684BCA320E35B758B23,9F2EH6P72AJ4TSB1C3WM-EK6W89FM10J8CN7YD1ND,A
5CE507619E214F548D5BAD652965050D,9F2EH6P72AJ4TSB1C3WM-EK6W89FM10J8CN7YD1ND,A
1167AE476AC04C36B12168E3EEB688FE,9F2EH6P72AJ4TSB1C3WM-EK6W89FM10J8CN7YD1ND,A
AE7D21D806CB44A780F66DD570CBDB0D,9F2EH6P72AJ4TSB1C3WM-EK6W89FM10J8CN7YD1ND,A
B11ADD2C55A84CCEAA738FD3C4070978,9F2EH6P72AJ4TSB1C3WM-EK6W89FM10J8CN7YD1ND,BOTH
A43CFF375738402AB37036082DE87B14,9F2EH6P72AJ4TSB1C3WM-EK6W89FM10J8CN7YD1ND,A
348F55AD59444E4695D05798915E40D5,9F2EH6P72AJ4TSB1C3WM-EK6W89FM10J8CN7YD1ND,BOTH
76BA9BDC873D4122B10102F7030B9695,A1V4ND9FY4F7QJ188B3X-TVZ10F42F7H89ZJQ0PQE,A
CB2E8827B59E46D0A2E77F25209FAAC7,A1V4ND9FY4F7QJ188B3X-TVZ10F42F7H89ZJQ0PQE,A
B11ADD2C55A84CCEAA738FD3C4070978,A1V4ND9FY4F7QJ188B3X-TVZ10F42F7H89ZJQ0PQE,A
E3C62D4DE64F429BBBD7450E79113795,A1V4ND9FY4F7QJ188B3X-TVZ10F42F7H89ZJQ0PQE,A
1167AE476AC04C36B12168E3EEB688FE,A1V4ND9FY4F7QJ188B3X-TVZ10F42F7H89ZJQ0PQE,A
AE7D21D806CB44A780F66DD570CBDB0D,A1V4ND9FY4F7QJ188B3X-TVZ10F42F7H89ZJQ0PQE,A
5CE507619E214F548D5BAD652965050D,A1V4ND9FY4F7QJ188B3X-TVZ10F42F7H89ZJQ0PQE,A
348F55AD59444E4695D05798915E40D5,A1V4ND9FY4F7QJ188B3X-TVZ10F42F7H89ZJQ0PQE,A
12EDDEAE0B8C47039662826381098797,A1V4ND9FY4F7QJ188B3X-TVZ10F42F7H89ZJQ0PQE,A
A43CFF375738402AB37036082DE87B14,A1V4ND9FY4F7QJ188B3X-TVZ10F42F7H89ZJQ0PQE,A
8D958F00E3F54684BCA320E35B758B23,A1V4ND9FY4F7QJ188B3X-TVZ10F42F7H89ZJQ0PQE,A
804259DA896B49E1B8704A3D8DAC8ECF,A1V4ND9FY4F7QJ188B3X-TVZ10F42F7H89ZJQ0PQE,A
4E6CBAC7758B4F94BF377812FD402900,A1V4ND9FY4F7QJ188B3X-TVZ10F42F7H89ZJQ0PQE,A
AE7D21D806CB44A780F66DD570CBDB0D,A6CS0Y91Q9H0VF4ZGFXJ-C2RTPAC8ENFSVZ5K2B54,B
A43CFF375738402AB37036082DE87B14,A6CS0Y91Q9H0VF4ZGFXJ-C2RTPAC8ENFSVZ5K2B54,BOTH
4E6CBAC7758B4F94BF377812FD402900,A6CS0Y91Q9H0VF4ZGFXJ-C2RTPAC8ENFSVZ5K2B54,A
76BA9BDC873D4122B10102F7030B9695,A6CS0Y91Q9H0VF4ZGFXJ-C2RTPAC8ENFSVZ5K2B54,B
1167AE476AC04C36B12168E3EEB688FE,A6CS0Y91Q9H0VF4ZGFXJ-C2RTPAC8ENFSVZ5K2B54,A
12EDDEAE0B8C47039662826381098797,A6CS0Y91Q9H0VF4ZGFXJ-C2RTPAC8ENFSVZ5K2B54,BOTH
CB2E8827B59E46D0A2E77F25209FAAC7,A6CS0Y91Q9H0VF4ZGFXJ-C2RTPAC8ENFSVZ5K2B54,B
348F55AD59444E4695D05798915E40D5,A6CS0Y91Q9H0VF4ZGFXJ-C2RTPAC8ENFSVZ5K2B54,BOTH
5CE507619E214F548D5BAD652965050D,A6CS0Y91Q9H0VF4ZGFXJ-C2RTPAC8ENFSVZ5K2B54,A
804259DA896B49E1B8704A3D8DAC8ECF,A6CS0Y91Q9H0VF4ZGFXJ-C2RTPAC8ENFSVZ5K2B54,A
B11ADD2C55A84CCEAA738FD3C4070978,A6CS0Y91Q9H0VF4ZGFXJ-C2RTPAC8ENFSVZ5K2B54,A
E3C62D4DE64F429BBBD7450E79113795,A6CS0Y91Q9H0VF4ZGFXJ-C2RTPAC8ENFSVZ5K2B54,B
8D958F00E3F54684BCA320E35B758B23,A6CS0Y91Q9H0VF4ZGFXJ-C2RTPAC8ENFSVZ5K2B54,A
12EDDEAE0B8C47039662826381098797,C5PCM3646YPWV7Z1WAZ2-S9CW7XTBPSK41976EA0C,BOTH
804259DA896B49E1B8704A3D8DAC8ECF,C5PCM3646YPWV7Z1WAZ2-S9CW7XTBPSK41976EA0C,BOTH
A43CFF375738402AB37036082DE87B14,C5PCM3646YPWV7Z1WAZ2-S9CW7XTBPSK41976EA0C,A
8D958F00E3F54684BCA320E35B758B23,C5PCM3646YPWV7Z1WAZ2-S9CW7XTBPSK41976EA0C,B
CB2E8827B59E46D0A2E77F25209FAAC7,C5PCM3646YPWV7Z1WAZ2-S9CW7XTBPSK41976EA0C,A
1167AE476AC04C36B12168E3EEB688FE,C5PCM3646YPWV7Z1WAZ2-S9CW7XTBPSK41976EA0C,B
4E6CBAC7758B4F94BF377812FD402900,C5PCM3646YPWV7Z1WAZ2-S9CW7XTBPSK41976EA0C,A
348F55AD59444E4695D05798915E40D5,C5PCM3646YPWV7Z1WAZ2-S9CW7XTBPSK41976EA0C,B
E3C62D4DE64F429BBBD7450E79113795,C5PCM3646YPWV7Z1WAZ2-S9CW7XTBPSK41976EA0C,A
B11ADD2C55A84CCEAA738FD3C4070978,C5PCM3646YPWV7Z1WAZ2-S9CW7XTBPSK41976EA0C,A
76BA9BDC873D4122B10102F7030B9695,C5PCM3646YPWV7Z1WAZ2-S9CW7XTBPSK41976EA0C,A
5CE507619E214F548D5BAD652965050D,C5PCM3646YPWV7Z1WAZ2-S9CW7XTBPSK41976EA0C,A
AE7D21D806CB44A780F66DD570CBDB0D,C5PCM3646YPWV7Z1WAZ2-S9CW7XTBPSK41976EA0C,A
CB2E8827B59E46D0A2E77F25209FAAC7,CG4XTR6RHQ23TKBDZQBQ-JES155TD5C7N9M4NT05Y,A
5CE507619E214F548D5BAD652965050D,CG4XTR6RHQ23TKBDZQBQ-JES155TD5C7N9M4NT05Y,B
AE7D21D806CB44A780F66DD570CBDB0D,CG4XTR6RHQ23TKBDZQBQ-JES155TD5C7N9M4NT05Y,A
804259DA896B49E1B8704A3D8DAC8ECF,CG4XTR6RHQ23TKBDZQBQ-JES155TD5C7N9M4NT05Y,BOTH
4E6CBAC7758B4F94BF377812FD402900,CG4XTR6RHQ23TKBDZQBQ-JES155TD5C7N9M4NT05Y,B
1167AE476AC04C36B12168E3EEB688FE,CG4XTR6RHQ23TKBDZQBQ-JES155TD5C7N9M4NT05Y,A
A43CFF375738402AB37036082DE87B14,CG4XTR6RHQ23TKBDZQBQ-JES155TD5C7N9M4NT05Y,BOTH
E3C62D4DE64F429BBBD7450E79113795,CG4XTR6RHQ23TKBDZQBQ-JES155TD5C7N9M4NT05Y,BOTH
348F55AD59444E4695D05798915E40D5,CG4XTR6RHQ23TKBDZQBQ-JES155TD5C7N9M4NT05Y,BOTH
B11ADD2C55A84CCEAA738FD3C4070978,CG4XTR6RHQ23TKBDZQBQ-JES155TD5C7N9M4NT05Y,BOTH
8D958F00E3F54684BCA320E35B758B23,CG4XTR6RHQ23TKBDZQBQ-JES155TD5C7N9M4NT05Y,B
76BA9BDC873D4122B10102F7030B9695,CG4XTR6RHQ23TKBDZQBQ-JES155TD5C7N9M4NT05Y,BOTH
12EDDEAE0B8C47039662826381098797,CG4XTR6RHQ23TKBDZQBQ-JES155TD5C7N9M4NT05Y,BOTH
348F55AD59444E4695D05798915E40D5,CZG3WVATSR1TPCXTSZEW-W3AQSYCVEG7N58XKZ317,B
1167AE476AC04C36B12168E3EEB688FE,CZG3WVATSR1TPCXTSZEW-W3AQSYCVEG7N58XKZ317,B
5CE507619E214F548D5BAD652965050D,CZG3WVATSR1TPCXTSZEW-W3AQSYCVEG7N58XKZ317,A
76BA9BDC873D4122B10102F7030B9695,CZG3WVATSR1TPCXTSZEW-W3AQSYCVEG7N58XKZ317,A
AE7D21D806CB44A780F66DD570CBDB0D,CZG3WVATSR1TPCXTSZEW-W3AQSYCVEG7N58XKZ317,A
B11ADD2C55A84CCEAA738FD3C4070978,CZG3WVATSR1TPCXTSZEW-W3AQSYCVEG7N58XKZ317,A
E3C62D4DE64F429BBBD7450E79113795,CZG3WVATSR1TPCXTSZEW-W3AQSYCVEG7N58XKZ317,B
A43CFF375738402AB37036082DE87B14,CZG3WVATSR1TPCXTSZEW-W3AQSYCVEG7N58XKZ317,B
804259DA896B49E1B8704A3D8DAC8ECF,CZG3WVATSR1TPCXTSZEW-W3AQSYCVEG7N58XKZ317,A
4E6CBAC7758B4F94BF377812FD402900,CZG3WVATSR1TPCXTSZEW-W3AQSYCVEG7N58XKZ317,A
CB2E8827B59E46D0A2E77F25209FAAC7,CZG3WVATSR1TPCXTSZEW-W3AQSYCVEG7N58XKZ317,B
12EDDEAE0B8C47039662826381098797,CZG3WVATSR1TPCXTSZEW-W3AQSYCVEG7N58XKZ317,B
8D958F00E3F54684BCA320E35B758B23,CZG3WVATSR1TPCXTSZEW-W3AQSYCVEG7N58XKZ317,A
E3C62D4DE64F429BBBD7450E79113795,D1S6Q0BQYPF2JQEASNG2-GZP16CM635XA9DASJ9F3,A
348F55AD59444E4695D05798915E40D5,D1S6Q0BQYPF2JQEASNG2-GZP16CM635XA9DASJ9F3,BOTH
AE7D21D806CB44A780F66DD570CBDB0D,D1S6Q0BQYPF2JQEASNG2-GZP16CM635XA9DASJ9F3,BOTH
804259DA896B49E1B8704A3D8DAC8ECF,D1S6Q0BQYPF2JQEASNG2-GZP16CM635XA9DASJ9F3,A
1167AE476AC04C36B12168E3EEB688FE,D1S6Q0BQYPF2JQEASNG2-GZP16CM635XA9DASJ9F3,BOTH
B11ADD2C55A84CCEAA738FD3C4070978,D1S6Q0BQYPF2JQEASNG2-GZP16CM635XA9DASJ9F3,A
5CE507619E214F548D5BAD652965050D,D1S6Q0BQYPF2JQEASNG2-GZP16CM635XA9DASJ9F3,A
12EDDEAE0B8C47039662826381098797,D1S6Q0BQYPF2JQEASNG2-GZP16CM635XA9DASJ9F3,A
CB2E8827B59E46D0A2E77F25209FAAC7,D1S6Q0BQYPF2JQEASNG2-GZP16CM635XA9DASJ9F3,BOTH
A43CFF375738402AB37036082DE87B14,D1S6Q0BQYPF2JQEASNG2-GZP16CM635XA9DASJ9F3,BOTH
76BA9BDC873D4122B10102F7030B9695,D1S6Q0BQYPF2JQEASNG2-GZP16CM635XA9DASJ9F3,BOTH
4E6CBAC7758B4F94BF377812FD402900,D1S6Q0BQYPF2JQEASNG2-GZP16CM635XA9DASJ9F3,BOTH
8D958F00E3F54684BCA320E35B758B23,D1S6Q0BQYPF2JQEASNG2-GZP16CM635XA9DASJ9F3,A
76BA9BDC873D4122B10102F7030B9695,F45M40JBVSA3K8Z6PC4R-VMH244626AFBXX0GGNBG,BOTH
348F55AD59444E4695D05798915E40D5,F45M40JBVSA3K8Z6PC4R-VMH244626AFBXX0GGNBG,BOTH
1167AE476AC04C36B12168E3EEB688FE,F45M40JBVSA3K8Z6PC4R-VMH244626AFBXX0GGNBG,B
CB2E8827B59E46D0A2E77F25209FAAC7,F45M40JBVSA3K8Z6PC4R-VMH244626AFBXX0GGNBG,B
5CE507619E214F548D5BAD652965050D,F45M40JBVSA3K8Z6PC4R-VMH244626AFBXX0GGNBG,B
E3C62D4DE64F429BBBD7450E79113795,F45M40JBVSA3K8Z6PC4R-VMH244626AFBXX0GGNBG,BOTH
12EDDEAE0B8C47039662826381098797,F45M40JBVSA3K8Z6PC4R-VMH244626AFBXX0GGNBG,BOTH
A43CFF375738402AB37036082DE87B14,F45M40JBVSA3K8Z6PC4R-VMH244626AFBXX0GGNBG,B
8D958F00E3F54684BCA320E35B758B23,F45M40JBVSA3K8Z6PC4R-VMH244626AFBXX0GGNBG,B
4E6CBAC7758B4F94BF377812FD402900,F45M40JBVSA3K8Z6PC4R-VMH244626AFBXX0GGNBG,BOTH
AE7D21D806CB44A780F66DD570CBDB0D,F45M40JBVSA3K8Z6PC4R-VMH244626AFBXX0GGNBG,B
804259DA896B49E1B8704A3D8DAC8ECF,F45M40JBVSA3K8Z6PC4R-VMH244626AFBXX0GGNBG,BOTH
B11ADD2C55A84CCEAA738FD3C4070978,F45M40JBVSA3K8Z6PC4R-VMH244626AFBXX0GGNBG,BOTH
E3C62D4DE64F429BBBD7450E79113795,FJSERVNCBV3B2V6SX6SG-JBAYR1B1TXXN44FEEHVS,BOTH
CB2E8827B59E46D0A2E77F25209FAAC7,FJSERVNCBV3B2V6SX6SG-JBAYR1B1TXXN44FEEHVS,B
804259DA896B49E1B8704A3D8DAC8ECF,FJSERVNCBV3B2V6SX6SG-JBAYR1B1TXXN44FEEHVS,BOTH
348F55AD59444E4695D05798915E40D5,FJSERVNCBV3B2V6SX6SG-JBAYR1B1TXXN44FEEHVS,BOTH
1167AE476AC04C36B12168E3EEB688FE,FJSERVNCBV3B2V6SX6SG-JBAYR1B1TXXN44FEEHVS,BOTH
12EDDEAE0B8C47039662826381098797,FJSERVNCBV3B2V6SX6SG-JBAYR1B1TXXN44FEEHVS,BOTH
B11ADD2C55A84CCEAA738FD3C4070978,FJSERVNCBV3B2V6SX6SG-JBAYR1B1TXXN44FEEHVS,BOTH
76BA9BDC873D4122B10102F7030B9695,FJSERVNCBV3B2V6SX6SG-JBAYR1B1TXXN44FEEHVS,BOTH
A43CFF375738402AB37036082DE87B14,FJSERVNCBV3B2V6SX6SG-JBAYR1B1TXXN44FEEHVS,B
4E6CBAC7758B4F94BF377812FD402900,FJSERVNCBV3B2V6SX6SG-JBAYR1B1TXXN44FEEHVS,BOTH
AE7D21D806CB44A780F66DD570CBDB0D,FJSERVNCBV3B2V6SX6SG-JBAYR1B1TXXN44FEEHVS,BOTH
8D958F00E3F54684BCA320E35B758B23,FJSERVNCBV3B2V6SX6SG-JBAYR1B1TXXN44FEEHVS,B
5CE507619E214F548D5BAD652965050D,FJSERVNCBV3B2V6SX6SG-JBAYR1B1TXXN44FEEHVS,BOTH
8D958F00E3F54684BCA320E35B758B23,FZ3BJ2BG3ZV11XCYM0DF-WKDN69MZY3V0BMSMFV8V,A
B11ADD2C55A84CCEAA738FD3C4070978,FZ3BJ2BG3ZV11XCYM0DF-WKDN69MZY3V0BMSMFV8V,BOTH
CB2E8827B59E46D0A2E77F25209FAAC7,FZ3BJ2BG3ZV11XCYM0DF-WKDN69MZY3V0BMSMFV8V,A
12EDDEAE0B8C47039662826381098797,FZ3BJ2BG3ZV11XCYM0DF-WKDN69MZY3V0BMSMFV8V,BOTH
804259DA896B49E1B8704A3D8DAC8ECF,FZ3BJ2BG3ZV11XCYM0DF-WKDN69MZY3V0BMSMFV8V,BOTH
AE7D21D806CB44A780F66DD570CBDB0D,FZ3BJ2BG3ZV11XCYM0DF-WKDN69MZY3V0BMSMFV8V,A
1167AE476AC04C36B12168E3EEB688FE,FZ3BJ2BG3ZV11XCYM0DF-WKDN69MZY3V0BMSMFV8V,A
A43CFF375738402AB37036082DE87B14,FZ3BJ2BG3ZV11XCYM0DF-WKDN69MZY3V0BMSMFV8V,A
4E6CBAC7758B4F94BF377812FD402900,FZ3BJ2BG3ZV11XCYM0DF-WKDN69MZY3V0BMSMFV8V,BOTH
5CE507619E214F548D5BAD652965050D,FZ3BJ2BG3ZV11XCYM0DF-WKDN69MZY3V0BMSMFV8V,BOTH
348F55AD59444E4695D05798915E40D5,FZ3BJ2BG3ZV11XCYM0DF-WKDN69MZY3V0BMSMFV8V,BOTH
E3C62D4DE64F429BBBD7450E79113795,FZ3BJ2BG3ZV11XCYM0DF-WKDN69MZY3V0BMSMFV8V,A
76BA9BDC873D4122B10102F7030B9695,FZ3BJ2BG3ZV11XCYM0DF-WKDN69MZY3V0BMSMFV8V,BOTH
AE7D21D806CB44A780F66DD570CBDB0D,GN6EKJYZKX8G57C03S5G-XGG0TMFJX88W3X5XC9Q1,A
1167AE476AC04C36B12168E3EEB688FE,GN6EKJYZKX8G57C03S5G-XGG0TMFJX88W3X5XC9Q1,A
12EDDEAE0B8C47039662826381098797,GN6EKJYZKX8G57C03S5G-XGG0TMFJX88W3X5XC9Q1,BOTH
76BA9BDC873D4122B10102F7030B9695,GN6EKJYZKX8G57C03S5G-XGG0TMFJX88W3X5XC9Q1,B
A43CFF375738402AB37036082DE87B14,GN6EKJYZKX8G57C03S5G-XGG0TMFJX88W3X5XC9Q1,BOTH
4E6CBAC7758B4F94BF377812FD402900,GN6EKJYZKX8G57C03S5G-XGG0TMFJX88W3X5XC9Q1,A
CB2E8827B59E46D0A2E77F25209FAAC7,GN6EKJYZKX8G57C03S5G-XGG0TMFJX88W3X5XC9Q1,A
B11ADD2C55A84CCEAA738FD3C4070978,GN6EKJYZKX8G57C03S5G-XGG0TMFJX88W3X5XC9Q1,A
348F55AD59444E4695D05798915E40D5,GN6EKJYZKX8G57C03S5G-XGG0TMFJX88W3X5XC9Q1,A
E3C62D4DE64F429BBBD7450E79113795,GN6EKJYZKX8G57C03S5G-XGG0TMFJX88W3X5XC9Q1,A
8D958F00E3F54684BCA320E35B758B23,GN6EKJYZKX8G57C03S5G-XGG0TMFJX88W3X5XC9Q1,A
804259DA896B49E1B8704A3D8DAC8ECF,GN6EKJYZKX8G57C03S5G-XGG0TMFJX88W3X5XC9Q1,A
5CE507619E214F548D5BAD652965050D,GN6EKJYZKX8G57C03S5G-XGG0TMFJX88W3X5XC9Q1,B
5CE507619E214F548D5BAD652965050D,GTSAPGQTE2AV1BWK4JMV-W1WBYFH2RB7070CSAX85,B
1167AE476AC04C36B12168E3EEB688FE,GTSAPGQTE2AV1BWK4JMV-W1WBYFH2RB7070CSAX85,B
CB2E8827B59E46D0A2E77F25209FAAC7,GTSAPGQTE2AV1BWK4JMV-W1WBYFH2RB7070CSAX85,B
AE7D21D806CB44A780F66DD570CBDB0D,GTSAPGQTE2AV1BWK4JMV-W1WBYFH2RB7070CSAX85,A
804259DA896B49E1B8704A3D8DAC8ECF,GTSAPGQTE2AV1BWK4JMV-W1WBYFH2RB7070CSAX85,B
4E6CBAC7758B4F94BF377812FD402900,GTSAPGQTE2AV1BWK4JMV-W1WBYFH2RB7070CSAX85,BOTH
A43CFF375738402AB37036082DE87B14,GTSAPGQTE2AV1BWK4JMV-W1WBYFH2RB7070CSAX85,BOTH
76BA9BDC873D4122B10102F7030B9695,GTSAPGQTE2AV1BWK4JMV-W1WBYFH2RB7070CSAX85,B
348F55AD59444E4695D05798915E40D5,GTSAPGQTE2AV1BWK4JMV-W1WBYFH2RB7070CSAX85,B
8D958F00E3F54684BCA320E35B758B23,GTSAPGQTE2AV1BWK4JMV-W1WBYFH2RB7070CSAX85,B
E3C62D4DE64F429BBBD7450E79113795,GTSAPGQTE2AV1BWK4JMV-W1WBYFH2RB7070CSAX85,A
B11ADD2C55A84CCEAA738FD3C4070978,GTSAPGQTE2AV1BWK4JMV-W1WBYFH2RB7070CSAX85,B
12EDDEAE0B8C47039662826381098797,GTSAPGQTE2AV1BWK4JMV-W1WBYFH2RB7070CSAX85,BOTH
12EDDEAE0B8C47039662826381098797,HSBZ4WKMPZR56D1WNG0Y-WDVXHMPDV5N7G4CJGWMF,BOTH
1167AE476AC04C36B12168E3EEB688FE,HSBZ4WKMPZR56D1WNG0Y-WDVXHMPDV5N7G4CJGWMF,B
CB2E8827B59E46D0A2E77F25209FAAC7,HSBZ4WKMPZR56D1WNG0Y-WDVXHMPDV5N7G4CJGWMF,A
AE7D21D806CB44A780F66DD570CBDB0D,HSBZ4WKMPZR56D1WNG0Y-WDVXHMPDV5N7G4CJGWMF,A
804259DA896B49E1B8704A3D8DAC8ECF,HSBZ4WKMPZR56D1WNG0Y-WDVXHMPDV5N7G4CJGWMF,B
B11ADD2C55A84CCEAA738FD3C4070978,HSBZ4WKMPZR56D1WNG0Y-WDVXHMPDV5N7G4CJGWMF,A
5CE507619E214F548D5BAD652965050D,HSBZ4WKMPZR56D1WNG0Y-WDVXHMPDV5N7G4CJGWMF,A
E3C62D4DE64F429BBBD7450E79113795,HSBZ4WKMPZR56D1WNG0Y-WDVXHMPDV5N7G4CJGWMF,A
76BA9BDC873D4122B10102F7030B9695,HSBZ4WKMPZR56D1WNG0Y-WDVXHMPDV5N7G4CJGWMF,BOTH
A43CFF375738402AB37036082DE87B14,HSBZ4WKMPZR56D1WNG0Y-WDVXHMPDV5N7G4CJGWMF,BOTH
8D958F00E3F54684BCA320E35B758B23,HSBZ4WKMPZR56D1WNG0Y-WDVXHMPDV5N7G4CJGWMF,A
4E6CBAC7758B4F94BF377812FD402900,HSBZ4WKMPZR56D1WNG0Y-WDVXHMPDV5N7G4CJGWMF,A
348F55AD59444E4695D05798915E40D5,HSBZ4WKMPZR56D1WNG0Y-WDVXHMPDV5N7G4CJGWMF,BOTH
76BA9BDC873D4122B10102F7030B9695,HTRVQHRA94NVJPTD6D2Q-MKVFNHDZXWYQPRBRM4GM,BOTH
348F55AD59444E4695D05798915E40D5,HTRVQHRA94NVJPTD6D2Q-MKVFNHDZXWYQPRBRM4GM,B
5CE507619E214F548D5BAD652965050D,HTRVQHRA94NVJPTD6D2Q-MKVFNHDZXWYQPRBRM4GM,A
4E6CBAC7758B4F94BF377812FD402900,HTRVQHRA94NVJPTD6D2Q-MKVFNHDZXWYQPRBRM4GM,A
CB2E8827B59E46D0A2E77F25209FAAC7,HTRVQHRA94NVJPTD6D2Q-MKVFNHDZXWYQPRBRM4GM,A
A43CFF375738402AB37036082DE87B14,HTRVQHRA94NVJPTD6D2Q-MKVFNHDZXWYQPRBRM4GM,B
AE7D21D806CB44A780F66DD570CBDB0D,HTRVQHRA94NVJPTD6D2Q-MKVFNHDZXWYQPRBRM4GM,A
804259DA896B49E1B8704A3D8DAC8ECF,HTRVQHRA94NVJPTD6D2Q-MKVFNHDZXWYQPRBRM4GM,A
E3C62D4DE64F429BBBD7450E79113795,HTRVQHRA94NVJPTD6D2Q-MKVFNHDZXWYQPRBRM4GM,B
12EDDEAE0B8C47039662826381098797,HTRVQHRA94NVJPTD6D2Q-MKVFNHDZXWYQPRBRM4GM,A
B11ADD2C55A84CCEAA738FD3C4070978,HTRVQHRA94NVJPTD6D2Q-MKVFNHDZXWYQPRBRM4GM,B
1167AE476AC04C36B12168E3EEB688FE,HTRVQHRA94NVJPTD6D2Q-MKVFNHDZXWYQPRBRM4GM,A
8D958F00E3F54684BCA320E35B758B23,HTRVQHRA94NVJPTD6D2Q-MKVFNHDZXWYQPRBRM4GM,A
B11ADD2C55A84CCEAA738FD3C4070978,JAEH8Y15V1ETKYJDF2D4-RXC3YH67PWA9DZJ2B7CX,BOTH
76BA9BDC873D4122B10102F7030B9695,JAEH8Y15V1ETKYJDF2D4-RXC3YH67PWA9DZJ2B7CX,BOTH
348F55AD59444E4695D05798915E40D5,JAEH8Y15V1ETKYJDF2D4-RXC3YH67PWA9DZJ2B7CX,BOTH
5CE507619E214F548D5BAD652965050D,JAEH8Y15V1ETKYJDF2D4-RXC3YH67PWA9DZJ2B7CX,BOTH
4E6CBAC7758B4F94BF377812FD402900,JAEH8Y15V1ETKYJDF2D4-RXC3YH67PWA9DZJ2B7CX,BOTH
CB2E8827B59E46D0A2E77F25209FAAC7,JAEH8Y15V1ETKYJDF2D4-RXC3YH67PWA9DZJ2B7CX,A
1167AE476AC04C36B12168E3EEB688FE,JAEH8Y15V1ETKYJDF2D4-RXC3YH67PWA9DZJ2B7CX,B
A43CFF375738402AB37036082DE87B14,JAEH8Y15V1ETKYJDF2D4-RXC3YH67PWA9DZJ2B7CX,BOTH
8D958F00E3F54684BCA320E35B758B23,JAEH8Y15V1ETKYJDF2D4-RXC3YH67PWA9DZJ2B7CX,BOTH
E3C62D4DE64F429BBBD7450E79113795,JAEH8Y15V1ETKYJDF2D4-RXC3YH67PWA9DZJ2B7CX,BOTH
12EDDEAE0B8C47039662826381098797,JAEH8Y15V1ETKYJDF2D4-RXC3YH67PWA9DZJ2B7CX,BOTH
804259DA896B49E1B8704A3D8DAC8ECF,JAEH8Y15V1ETKYJDF2D4-RXC3YH67PWA9DZJ2B7CX,BOTH
AE7D21D806CB44A780F66DD570CBDB0D,JAEH8Y15V1ETKYJDF2D4-RXC3YH67PWA9DZJ2B7CX,BOTH
AE7D21D806CB44A780F66DD570CBDB0D,JDMFB4B071XWTMZEM4ZY-S6HVD2C6J87A2HWHAGFS,BOTH
804259DA896B49E1B8704A3D8DAC8ECF,JDMFB4B071XWTMZEM4ZY-S6HVD2C6J87A2HWHAGFS,BOTH
E3C62D4DE64F429BBBD7450E79113795,JDMFB4B071XWTMZEM4ZY-S6HVD2C6J87A2HWHAGFS,BOTH
4E6CBAC7758B4F94BF377812FD402900,JDMFB4B071XWTMZEM4ZY-S6HVD2C6J87A2HWHAGFS,BOTH
A43CFF375738402AB37036082DE87B14,JDMFB4B071XWTMZEM4ZY-S6HVD2C6J87A2HWHAGFS,B
12EDDEAE0B8C47039662826381098797,JDMFB4B071XWTMZEM4ZY-S6HVD2C6J87A2HWHAGFS,BOTH
B11ADD2C55A84CCEAA738FD3C4070978,JDMFB4B071XWTMZEM4ZY-S6HVD2C6J87A2HWHAGFS,BOTH
8D958F00E3F54684BCA320E35B758B23,JDMFB4B071XWTMZEM4ZY-S6HVD2C6J87A2HWHAGFS,BOTH
348F55AD59444E4695D05798915E40D5,JDMFB4B071XWTMZEM4ZY-S6HVD2C6J87A2HWHAGFS,BOTH
5CE507619E214F548D5BAD652965050D,JDMFB4B071XWTMZEM4ZY-S6HVD2C6J87A2HWHAGFS,BOTH
1167AE476AC04C36B12168E3EEB688FE,JDMFB4B071XWTMZEM4ZY-S6HVD2C6J87A2HWHAGFS,BOTH
CB2E8827B59E46D0A2E77F25209FAAC7,JDMFB4B071XWTMZEM4ZY-S6HVD2C6J87A2HWHAGFS,BOTH
76BA9BDC873D4122B10102F7030B9695,JDMFB4B071XWTMZEM4ZY-S6HVD2C6J87A2HWHAGFS,BOTH
5CE507619E214F548D5BAD652965050D,KWYPDVGE4SEJ34XFAMWP-WHT01HBH0JV8614J0QVY,B
CB2E8827B59E46D0A2E77F25209FAAC7,KWYPDVGE4SEJ34XFAMWP-WHT01HBH0JV8614J0QVY,A
E3C62D4DE64F429BBBD7450E79113795,KWYPDVGE4SEJ34XFAMWP-WHT01HBH0JV8614J0QVY,B
804259DA896B49E1B8704A3D8DAC8ECF,KWYPDVGE4SEJ34XFAMWP-WHT01HBH0JV8614J0QVY,A
A43CFF375738402AB37036082DE87B14,KWYPDVGE4SEJ34XFAMWP-WHT01HBH0JV8614J0QVY,B
B11ADD2C55A84CCEAA738FD3C4070978,KWYPDVGE4SEJ34XFAMWP-WHT01HBH0JV8614J0QVY,B
AE7D21D806CB44A780F66DD570CBDB0D,KWYPDVGE4SEJ34XFAMWP-WHT01HBH0JV8614J0QVY,B
8D958F00E3F54684BCA320E35B758B23,KWYPDVGE4SEJ34XFAMWP-WHT01HBH0JV8614J0QVY,B
12EDDEAE0B8C47039662826381098797,KWYPDVGE4SEJ34XFAMWP-WHT01HBH0JV8614J0QVY,A
4E6CBAC7758B4F94BF377812FD402900,KWYPDVGE4SEJ34XFAMWP-WHT01HBH0JV8614J0QVY,BOTH
348F55AD59444E4695D05798915E40D5,KWYPDVGE4SEJ34XFAMWP-WHT01HBH0JV8614J0QVY,BOTH
1167AE476AC04C36B12168E3EEB688FE,KWYPDVGE4SEJ34XFAMWP-WHT01HBH0JV8614J0QVY,A
76BA9BDC873D4122B10102F7030B9695,KWYPDVGE4SEJ34XFAMWP-WHT01HBH0JV8614J0QVY,BOTH
76BA9BDC873D4122B10102F7030B9695,M9DRFTRAA815XK08D69K-NKY0R0ETJASDRA76FAQ8,B
1167AE476AC04C36B12168E3EEB688FE,M9DRFTRAA815XK08D69K-NKY0R0ETJASDRA76FAQ8,A
CB2E8827B59E46D0A2E77F25209FAAC7,M9DRFTRAA815XK08D69K-NKY0R0ETJASDRA76FAQ8,A
E3C62D4DE64F429BBBD7450E79113795,M9DRFTRAA815XK08D69K-NKY0R0ETJASDRA76FAQ8,A
804259DA896B49E1B8704A3D8DAC8ECF,M9DRFTRAA815XK08D69K-NKY0R0ETJASDRA76FAQ8,B
5CE507619E214F548D5BAD652965050D,M9DRFTRAA815XK08D69K-NKY0R0ETJASDRA76FAQ8,B
B11ADD2C55A84CCEAA738FD3C4070978,M9DRFTRAA815XK08D69K-NKY0R0ETJASDRA76FAQ8,A
A43CFF375738402AB37036082DE87B14,M9DRFTRAA815XK08D69K-NKY0R0ETJASDRA76FAQ8,B
AE7D21D806CB44A780F66DD570CBDB0D,M9DRFTRAA815XK08D69K-NKY0R0ETJASDRA76FAQ8,A
4E6CBAC7758B4F94BF377812FD402900,M9DRFTRAA815XK08D69K-NKY0R0ETJASDRA76FAQ8,A
348F55AD59444E4695D05798915E40D5,M9DRFTRAA815XK08D69K-NKY0R0ETJASDRA76FAQ8,BOTH
12EDDEAE0B8C47039662826381098797,M9DRFTRAA815XK08D69K-NKY0R0ETJASDRA76FAQ8,A
8D958F00E3F54684BCA320E35B758B23,M9DRFTRAA815XK08D69K-NKY0R0ETJASDRA76FAQ8,B
5CE507619E214F548D5BAD652965050D,M9VSCT5CCCA90Q2YHFGS-PTABEE1N0G5320G274Q4,B
AE7D21D806CB44A780F66DD570CBDB0D,M9VSCT5CCCA90Q2YHFGS-PTABEE1N0G5320G274Q4,A
E3C62D4DE64F429BBBD7450E79113795,M9VSCT5CCCA90Q2YHFGS-PTABEE1N0G5320G274Q4,A
CB2E8827B59E46D0A2E77F25209FAAC7,M9VSCT5CCCA90Q2YHFGS-PTABEE1N0G5320G274Q4,A
12EDDEAE0B8C47039662826381098797,M9VSCT5CCCA90Q2YHFGS-PTABEE1N0G5320G274Q4,A
4E6CBAC7758B4F94BF377812FD402900,M9VSCT5CCCA90Q2YHFGS-PTABEE1N0G5320G274Q4,BOTH
B11ADD2C55A84CCEAA738FD3C4070978,M9VSCT5CCCA90Q2YHFGS-PTABEE1N0G5320G274Q4,B
1167AE476AC04C36B12168E3EEB688FE,M9VSCT5CCCA90Q2YHFGS-PTABEE1N0G5320G274Q4,A
348F55AD59444E4695D05798915E40D5,M9VSCT5CCCA90Q2YHFGS-PTABEE1N0G5320G274Q4,BOTH
A43CFF375738402AB37036082DE87B14,M9VSCT5CCCA90Q2YHFGS-PTABEE1N0G5320G274Q4,A
804259DA896B49E1B8704A3D8DAC8ECF,M9VSCT5CCCA90Q2YHFGS-PTABEE1N0G5320G274Q4,B
76BA9BDC873D4122B10102F7030B9695,M9VSCT5CCCA90Q2YHFGS-PTABEE1N0G5320G274Q4,B
8D958F00E3F54684BCA320E35B758B23,M9VSCT5CCCA90Q2YHFGS-PTABEE1N0G5320G274Q4,B
E3C62D4DE64F429BBBD7450E79113795,MFP3CEHHD70NVQQYV461-R77N9ZDB8MJRJS1HQKK6,BOTH
4E6CBAC7758B4F94BF377812FD402900,MFP3CEHHD70NVQQYV461-R77N9ZDB8MJRJS1HQKK6,A
B11ADD2C55A84CCEAA738FD3C4070978,MFP3CEHHD70NVQQYV461-R77N9ZDB8MJRJS1HQKK6,A
AE7D21D806CB44A780F66DD570CBDB0D,MFP3CEHHD70NVQQYV461-R77N9ZDB8MJRJS1HQKK6,A
12EDDEAE0B8C47039662826381098797,MFP3CEHHD70NVQQYV461-R77N9ZDB8MJRJS1HQKK6,BOTH
8D958F00E3F54684BCA320E35B758B23,MFP3CEHHD70NVQQYV461-R77N9ZDB8MJRJS1HQKK6,BOTH
804259DA896B49E1B8704A3D8DAC8ECF,MFP3CEHHD70NVQQYV461-R77N9ZDB8MJRJS1HQKK6,BOTH
76BA9BDC873D4122B10102F7030B9695,MFP3CEHHD70NVQQYV461-R77N9ZDB8MJRJS1HQKK6,BOTH
5CE507619E214F548D5BAD652965050D,MFP3CEHHD70NVQQYV461-R77N9ZDB8MJRJS1HQKK6,B
CB2E8827B59E46D0A2E77F25209FAAC7,MFP3CEHHD70NVQQYV461-R77N9ZDB8MJRJS1HQKK6,A
A43CFF375738402AB37036082DE87B14,MFP3CEHHD70NVQQYV461-R77N9ZDB8MJRJS1HQKK6,BOTH
1167AE476AC04C36B12168E3EEB688FE,MFP3CEHHD70NVQQYV461-R77N9ZDB8MJRJS1HQKK6,B
348F55AD59444E4695D05798915E40D5,MFP3CEHHD70NVQQYV461-R77N9ZDB8MJRJS1HQKK6,BOTH
4E6CBAC7758B4F94BF377812FD402900,MK57MY35RCRTZ4JQVMV4-YN7FFEVAFH63DMN2VZ83,BOTH
12EDDEAE0B8C47039662826381098797,MK57MY35RCRTZ4JQVMV4-YN7FFEVAFH63DMN2VZ83,BOTH
5CE507619E214F548D5BAD652965050D,MK57MY35RCRTZ4JQVMV4-YN7FFEVAFH63DMN2VZ83,B
A43CFF375738402AB37036082DE87B14,MK57MY35RCRTZ4JQVMV4-YN7FFEVAFH63DMN2VZ83,B
AE7D21D806CB44A780F66DD570CBDB0D,MK57MY35RCRTZ4JQVMV4-YN7FFEVAFH63DMN2VZ83,B
8D958F00E3F54684BCA320E35B758B23,MK57MY35RCRTZ4JQVMV4-YN7FFEVAFH63DMN2VZ83,A
1167AE476AC04C36B12168E3EEB688FE,MK57MY35RCRTZ4JQVMV4-YN7FFEVAFH63DMN2VZ83,B
348F55AD59444E4695D05798915E40D5,MK57MY35RCRTZ4JQVMV4-YN7FFEVAFH63DMN2VZ83,BOTH
76BA9BDC873D4122B10102F7030B9695,MK57MY35RCRTZ4JQVMV4-YN7FFEVAFH63DMN2VZ83,BOTH
804259DA896B49E1B8704A3D8DAC8ECF,MK57MY35RCRTZ4JQVMV4-YN7FFEVAFH63DMN2VZ83,A
E3C62D4DE64F429BBBD7450E79113795,MK57MY35RCRTZ4JQVMV4-YN7FFEVAFH63DMN2VZ83,BOTH
B11ADD2C55A84CCEAA738FD3C4070978,MK57MY35RCRTZ4JQVMV4-YN7FFEVAFH63DMN2VZ83,A
CB2E8827B59E46D0A2E77F25209FAAC7,MK57MY35RCRTZ4JQVMV4-YN7FFEVAFH63DMN2VZ83,B
8D958F00E3F54684BCA320E35B758B23,MRV93SNTQ4NAZPJSXTKA-T52X7KASGE6YZYBMMZ4V,BOTH
76BA9BDC873D4122B10102F7030B9695,MRV93SNTQ4NAZPJSXTKA-T52X7KASGE6YZYBMMZ4V,BOTH
348F55AD59444E4695D05798915E40D5,MRV93SNTQ4NAZPJSXTKA-T52X7KASGE6YZYBMMZ4V,BOTH
A43CFF375738402AB37036082DE87B14,MRV93SNTQ4NAZPJSXTKA-T52X7KASGE6YZYBMMZ4V,BOTH
804259DA896B49E1B8704A3D8DAC8ECF,MRV93SNTQ4NAZPJSXTKA-T52X7KASGE6YZYBMMZ4V,BOTH
CB2E8827B59E46D0A2E77F25209FAAC7,MRV93SNTQ4NAZPJSXTKA-T52X7KASGE6YZYBMMZ4V,BOTH
AE7D21D806CB44A780F66DD570CBDB0D,MRV93SNTQ4NAZPJSXTKA-T52X7KASGE6YZYBMMZ4V,BOTH
B11ADD2C55A84CCEAA738FD3C4070978,MRV93SNTQ4NAZPJSXTKA-T52X7KASGE6YZYBMMZ4V,BOTH
1167AE476AC04C36B12168E3EEB688FE,MRV93SNTQ4NAZPJSXTKA-T52X7KASGE6YZYBMMZ4V,BOTH
4E6CBAC7758B4F94BF377812FD402900,MRV93SNTQ4NAZPJSXTKA-T52X7KASGE6YZYBMMZ4V,BOTH
E3C62D4DE64F429BBBD7450E79113795,MRV93SNTQ4NAZPJSXTKA-T52X7KASGE6YZYBMMZ4V,BOTH
5CE507619E214F548D5BAD652965050D,MRV93SNTQ4NAZPJSXTKA-T52X7KASGE6YZYBMMZ4V,BOTH
12EDDEAE0B8C47039662826381098797,MRV93SNTQ4NAZPJSXTKA-T52X7KASGE6YZYBMMZ4V,BOTH
CB2E8827B59E46D0A2E77F25209FAAC7,MX78CB34NED9A6YKKX7F-S1VXJXJME5PSZ0NP7BEA,A
1167AE476AC04C36B12168E3EEB688FE,MX78CB34NED9A6YKKX7F-S1VXJXJME5PSZ0NP7BEA,A
76BA9BDC873D4122B10102F7030B9695,MX78CB34NED9A6YKKX7F-S1VXJXJME5PSZ0NP7BEA,A
348F55AD59444E4695D05798915E40D5,MX78CB34NED9A6YKKX7F-S1VXJXJME5PSZ0NP7BEA,A
5CE507619E214F548D5BAD652965050D,MX78CB34NED9A6YKKX7F-S1VXJXJME5PSZ0NP7BEA,B
A43CFF375738402AB37036082DE87B14,MX78CB34NED9A6YKKX7F-S1VXJXJME5PSZ0NP7BEA,B
E3C62D4DE64F429BBBD7450E79113795,MX78CB34NED9A6YKKX7F-S1VXJXJME5PSZ0NP7BEA,A
804259DA896B49E1B8704A3D8DAC8ECF,MX78CB34NED9A6YKKX7F-S1VXJXJME5PSZ0NP7BEA,A
AE7D21D806CB44A780F66DD570CBDB0D,MX78CB34NED9A6YKKX7F-S1VXJXJME5PSZ0NP7BEA,A
8D958F00E3F54684BCA320E35B758B23,MX78CB34NED9A6YKKX7F-S1VXJXJME5PSZ0NP7BEA,A
B11ADD2C55A84CCEAA738FD3C4070978,MX78CB34NED9A6YKKX7F-S1VXJXJME5PSZ0NP7BEA,B
4E6CBAC7758B4F94BF377812FD402900,MX78CB34NED9A6YKKX7F-S1VXJXJME5PSZ0NP7BEA,A
12EDDEAE0B8C47039662826381098797,MX78CB34NED9A6YKKX7F-S1VXJXJME5PSZ0NP7BEA,B
5CE507619E214F548D5BAD652965050D,N0RKTN5CCX8DSRWXD7W1-XGGM3D0MYH4CFR2SCEHN,A
A43CFF375738402AB37036082DE87B14,N0RKTN5CCX8DSRWXD7W1-XGGM3D0MYH4CFR2SCEHN,A
348F55AD59444E4695D05798915E40D5,N0RKTN5CCX8DSRWXD7W1-XGGM3D0MYH4CFR2SCEHN,A
4E6CBAC7758B4F94BF377812FD402900,N0RKTN5CCX8DSRWXD7W1-XGGM3D0MYH4CFR2SCEHN,A
AE7D21D806CB44A780F66DD570CBDB0D,N0RKTN5CCX8DSRWXD7W1-XGGM3D0MYH4CFR2SCEHN,A
804259DA896B49E1B8704A3D8DAC8ECF,N0RKTN5CCX8DSRWXD7W1-XGGM3D0MYH4CFR2SCEHN,A
E3C62D4DE64F429BBBD7450E79113795,N0RKTN5CCX8DSRWXD7W1-XGGM3D0MYH4CFR2SCEHN,A
12EDDEAE0B8C47039662826381098797,N0RKTN5CCX8DSRWXD7W1-XGGM3D0MYH4CFR2SCEHN,A
1167AE476AC04C36B12168E3EEB688FE,N0RKTN5CCX8DSRWXD7W1-XGGM3D0MYH4CFR2SCEHN,A
8D958F00E3F54684BCA320E35B758B23,N0RKTN5CCX8DSRWXD7W1-XGGM3D0MYH4CFR2SCEHN,A
CB2E8827B59E46D0A2E77F25209FAAC7,N0RKTN5CCX8DSRWXD7W1-XGGM3D0MYH4CFR2SCEHN,A
B11ADD2C55A84CCEAA738FD3C4070978,N0RKTN5CCX8DSRWXD7W1-XGGM3D0MYH4CFR2SCEHN,A
76BA9BDC873D4122B10102F7030B9695,N0RKTN5CCX8DSRWXD7W1-XGGM3D0MYH4CFR2SCEHN,A
E3C62D4DE64F429BBBD7450E79113795,NB6ASKD9V11Z136KKP2Q-X1GSG1HB8AD2GJCA6ZJW,B
A43CFF375738402AB37036082DE87B14,NB6ASKD9V11Z136KKP2Q-X1GSG1HB8AD2GJCA6ZJW,B
804259DA896B49E1B8704A3D8DAC8ECF,NB6ASKD9V11Z136KKP2Q-X1GSG1HB8AD2GJCA6ZJW,B
1167AE476AC04C36B12168E3EEB688FE,NB6ASKD9V11Z136KKP2Q-X1GSG1HB8AD2GJCA6ZJW,B
348F55AD59444E4695D05798915E40D5,NB6ASKD9V11Z136KKP2Q-X1GSG1HB8AD2GJCA6ZJW,BOTH
CB2E8827B59E46D0A2E77F25209FAAC7,NB6ASKD9V11Z136KKP2Q-X1GSG1HB8AD2GJCA6ZJW,B
5CE507619E214F548D5BAD652965050D,NB6ASKD9V11Z136KKP2Q-X1GSG1HB8AD2GJCA6ZJW,B
4E6CBAC7758B4F94BF377812FD402900,NB6ASKD9V11Z136KKP2Q-X1GSG1HB8AD2GJCA6ZJW,B
B11ADD2C55A84CCEAA738FD3C4070978,NB6ASKD9V11Z136KKP2Q-X1GSG1HB8AD2GJCA6ZJW,A
76BA9BDC873D4122B10102F7030B9695,NB6ASKD9V11Z136KKP2Q-X1GSG1HB8AD2GJCA6ZJW,A
12EDDEAE0B8C47039662826381098797,NB6ASKD9V11Z136KKP2Q-X1GSG1HB8AD2GJCA6ZJW,B
AE7D21D806CB44A780F66DD570CBDB0D,NB6ASKD9V11Z136KKP2Q-X1GSG1HB8AD2GJCA6ZJW,B
8D958F00E3F54684BCA320E35B758B23,NB6ASKD9V11Z136KKP2Q-X1GSG1HB8AD2GJCA6ZJW,B
12EDDEAE0B8C47039662826381098797,NBY4T7CCMP0Y2Z50CJCF-W8CTC5ECFES7ZKPG10PG,BOTH
1167AE476AC04C36B12168E3EEB688FE,NBY4T7CCMP0Y2Z50CJCF-W8CTC5ECFES7ZKPG10PG,A
AE7D21D806CB44A780F66DD570CBDB0D,NBY4T7CCMP0Y2Z50CJCF-W8CTC5ECFES7ZKPG10PG,B
76BA9BDC873D4122B10102F7030B9695,NBY4T7CCMP0Y2Z50CJCF-W8CTC5ECFES7ZKPG10PG,BOTH
804259DA896B49E1B8704A3D8DAC8ECF,NBY4T7CCMP0Y2Z50CJCF-W8CTC5ECFES7ZKPG10PG,A
8D958F00E3F54684BCA320E35B758B23,NBY4T7CCMP0Y2Z50CJCF-W8CTC5ECFES7ZKPG10PG,A
A43CFF375738402AB37036082DE87B14,NBY4T7CCMP0Y2Z50CJCF-W8CTC5ECFES7ZKPG10PG,BOTH
5CE507619E214F548D5BAD652965050D,NBY4T7CCMP0Y2Z50CJCF-W8CTC5ECFES7ZKPG10PG,A
4E6CBAC7758B4F94BF377812FD402900,NBY4T7CCMP0Y2Z50CJCF-W8CTC5ECFES7ZKPG10PG,A
E3C62D4DE64F429BBBD7450E79113795,NBY4T7CCMP0Y2Z50CJCF-W8CTC5ECFES7ZKPG10PG,B
B11ADD2C55A84CCEAA738FD3C4070978,NBY4T7CCMP0Y2Z50CJCF-W8CTC5ECFES7ZKPG10PG,A
348F55AD59444E4695D05798915E40D5,NBY4T7CCMP0Y2Z50CJCF-W8CTC5ECFES7ZKPG10PG,BOTH
CB2E8827B59E46D0A2E77F25209FAAC7,NBY4T7CCMP0Y2Z50CJCF-W8CTC5ECFES7ZKPG10PG,A
76BA9BDC873D4122B10102F7030B9695,NENP2Y20PK17NK1FXGPP-YRHX7ZPB09TPPA91Z9V3,B
B11ADD2C55A84CCEAA738FD3C4070978,NENP2Y20PK17NK1FXGPP-YRHX7ZPB09TPPA91Z9V3,B
5CE507619E214F548D5BAD652965050D,NENP2Y20PK17NK1FXGPP-YRHX7ZPB09TPPA91Z9V3,B
12EDDEAE0B8C47039662826381098797,NENP2Y20PK17NK1FXGPP-YRHX7ZPB09TPPA91Z9V3,B
8D958F00E3F54684BCA320E35B758B23,NENP2Y20PK17NK1FXGPP-YRHX7ZPB09TPPA91Z9V3,B
A43CFF375738402AB37036082DE87B14,NENP2Y20PK17NK1FXGPP-YRHX7ZPB09TPPA91Z9V3,B
E3C62D4DE64F429BBBD7450E79113795,NENP2Y20PK17NK1FXGPP-YRHX7ZPB09TPPA91Z9V3,B
348F55AD59444E4695D05798915E40D5,NENP2Y20PK17NK1FXGPP-YRHX7ZPB09TPPA91Z9V3,B
804259DA896B49E1B8704A3D8DAC8ECF,NENP2Y20PK17NK1FXGPP-YRHX7ZPB09TPPA91Z9V3,B
1167AE476AC04C36B12168E3EEB688FE,NENP2Y20PK17NK1FXGPP-YRHX7ZPB09TPPA91Z9V3,B
CB2E8827B59E46D0A2E77F25209FAAC7,NENP2Y20PK17NK1FXGPP-YRHX7ZPB09TPPA91Z9V3,B
4E6CBAC7758B4F94BF377812FD402900,NENP2Y20PK17NK1FXGPP-YRHX7ZPB09TPPA91Z9V3,B
AE7D21D806CB44A780F66DD570CBDB0D,NENP2Y20PK17NK1FXGPP-YRHX7ZPB09TPPA91Z9V3,B
12EDDEAE0B8C47039662826381098797,NREW038J52CWEV681PSV-VDN71G0D2QDVW1AWQ1VZ,BOTH
8D958F00E3F54684BCA320E35B758B23,NREW038J52CWEV681PSV-VDN71G0D2QDVW1AWQ1VZ,A
E3C62D4DE64F429BBBD7450E79113795,NREW038J52CWEV681PSV-VDN71G0D2QDVW1AWQ1VZ,BOTH
348F55AD59444E4695D05798915E40D5,NREW038J52CWEV681PSV-VDN71G0D2QDVW1AWQ1VZ,BOTH
5CE507619E214F548D5BAD652965050D,NREW038J52CWEV681PSV-VDN71G0D2QDVW1AWQ1VZ,A
A43CFF375738402AB37036082DE87B14,NREW038J52CWEV681PSV-VDN71G0D2QDVW1AWQ1VZ,BOTH
4E6CBAC7758B4F94BF377812FD402900,NREW038J52CWEV681PSV-VDN71G0D2QDVW1AWQ1VZ,BOTH
AE7D21D806CB44A780F66DD570CBDB0D,NREW038J52CWEV681PSV-VDN71G0D2QDVW1AWQ1VZ,BOTH
B11ADD2C55A84CCEAA738FD3C4070978,NREW038J52CWEV681PSV-VDN71G0D2QDVW1AWQ1VZ,BOTH
CB2E8827B59E46D0A2E77F25209FAAC7,NREW038J52CWEV681PSV-VDN71G0D2QDVW1AWQ1VZ,B
1167AE476AC04C36B12168E3EEB688FE,NREW038J52CWEV681PSV-VDN71G0D2QDVW1AWQ1VZ,A
804259DA896B49E1B8704A3D8DAC8ECF,NREW038J52CWEV681PSV-VDN71G0D2QDVW1AWQ1VZ,BOTH
76BA9BDC873D4122B10102F7030B9695,NREW038J52CWEV681PSV-VDN71G0D2QDVW1AWQ1VZ,BOTH
B11ADD2C55A84CCEAA738FD3C4070978,PGQ476J81S7285N0A7YT-YM22SHP24Z5PP19YRF33,B
1167AE476AC04C36B12168E3EEB688FE,PGQ476J81S7285N0A7YT-YM22SHP24Z5PP19YRF33,B
12EDDEAE0B8C47039662826381098797,PGQ476J81S7285N0A7YT-YM22SHP24Z5PP19YRF33,BOTH
AE7D21D806CB44A780F66DD570CBDB0D,PGQ476J81S7285N0A7YT-YM22SHP24Z5PP19YRF33,B
CB2E8827B59E46D0A2E77F25209FAAC7,PGQ476J81S7285N0A7YT-YM22SHP24Z5PP19YRF33,B
348F55AD59444E4695D05798915E40D5,PGQ476J81S7285N0A7YT-YM22SHP24Z5PP19YRF33,BOTH
804259DA896B49E1B8704A3D8DAC8ECF,PGQ476J81S7285N0A7YT-YM22SHP24Z5PP19YRF33,BOTH
E3C62D4DE64F429BBBD7450E79113795,PGQ476J81S7285N0A7YT-YM22SHP24Z5PP19YRF33,BOTH
8D958F00E3F54684BCA320E35B758B23,PGQ476J81S7285N0A7YT-YM22SHP24Z5PP19YRF33,B
A43CFF375738402AB37036082DE87B14,PGQ476J81S7285N0A7YT-YM22SHP24Z5PP19YRF33,B
5CE507619E214F548D5BAD652965050D,PGQ476J81S7285N0A7YT-YM22SHP24Z5PP19YRF33,B
4E6CBAC7758B4F94BF377812FD402900,PGQ476J81S7285N0A7YT-YM22SHP24Z5PP19YRF33,B
76BA9BDC873D4122B10102F7030B9695,PGQ476J81S7285N0A7YT-YM22SHP24Z5PP19YRF33,B
AE7D21D806CB44A780F66DD570CBDB0D,Q9RH4ZVE2TK98BAJ2CGZ-TN3EXDVS4JFD7S4R5962,BOTH
5CE507619E214F548D5BAD652965050D,Q9RH4ZVE2TK98BAJ2CGZ-TN3EXDVS4JFD7S4R5962,B
12EDDEAE0B8C47039662826381098797,Q9RH4ZVE2TK98BAJ2CGZ-TN3EXDVS4JFD7S4R5962,BOTH
4E6CBAC7758B4F94BF377812FD402900,Q9RH4ZVE2TK98BAJ2CGZ-TN3EXDVS4JFD7S4R5962,BOTH
B11ADD2C55A84CCEAA738FD3C4070978,Q9RH4ZVE2TK98BAJ2CGZ-TN3EXDVS4JFD7S4R5962,B
76BA9BDC873D4122B10102F7030B9695,Q9RH4ZVE2TK98BAJ2CGZ-TN3EXDVS4JFD7S4R5962,BOTH
348F55AD59444E4695D05798915E40D5,Q9RH4ZVE2TK98BAJ2CGZ-TN3EXDVS4JFD7S4R5962,BOTH
1167AE476AC04C36B12168E3EEB688FE,Q9RH4ZVE2TK98BAJ2CGZ-TN3EXDVS4JFD7S4R5962,B
CB2E8827B59E46D0A2E77F25209FAAC7,Q9RH4ZVE2TK98BAJ2CGZ-TN3EXDVS4JFD7S4R5962,B
804259DA896B49E1B8704A3D8DAC8ECF,Q9RH4ZVE2TK98BAJ2CGZ-TN3EXDVS4JFD7S4R5962,B
8D958F00E3F54684BCA320E35B758B23,Q9RH4ZVE2TK98BAJ2CGZ-TN3EXDVS4JFD7S4R5962,A
A43CFF375738402AB37036082DE87B14,Q9RH4ZVE2TK98BAJ2CGZ-TN3EXDVS4JFD7S4R5962,B
E3C62D4DE64F429BBBD7450E79113795,Q9RH4ZVE2TK98BAJ2CGZ-TN3EXDVS4JFD7S4R5962,B
CB2E8827B59E46D0A2E77F25209FAAC7,RYKS5QNJ8RD1WTE0M3B4-WN3DT12Q8Y32RPQXP70V,BOTH
76BA9BDC873D4122B10102F7030B9695,RYKS5QNJ8RD1WTE0M3B4-WN3DT12Q8Y32RPQXP70V,BOTH
348F55AD59444E4695D05798915E40D5,RYKS5QNJ8RD1WTE0M3B4-WN3DT12Q8Y32RPQXP70V,BOTH
A43CFF375738402AB37036082DE87B14,RYKS5QNJ8RD1WTE0M3B4-WN3DT12Q8Y32RPQXP70V,BOTH
12EDDEAE0B8C47039662826381098797,RYKS5QNJ8RD1WTE0M3B4-WN3DT12Q8Y32RPQXP70V,BOTH
804259DA896B49E1B8704A3D8DAC8ECF,RYKS5QNJ8RD1WTE0M3B4-WN3DT12Q8Y32RPQXP70V,BOTH
AE7D21D806CB44A780F66DD570CBDB0D,RYKS5QNJ8RD1WTE0M3B4-WN3DT12Q8Y32RPQXP70V,BOTH
B11ADD2C55A84CCEAA738FD3C4070978,RYKS5QNJ8RD1WTE0M3B4-WN3DT12Q8Y32RPQXP70V,BOTH
4E6CBAC7758B4F94BF377812FD402900,RYKS5QNJ8RD1WTE0M3B4-WN3DT12Q8Y32RPQXP70V,BOTH
5CE507619E214F548D5BAD652965050D,RYKS5QNJ8RD1WTE0M3B4-WN3DT12Q8Y32RPQXP70V,BOTH
1167AE476AC04C36B12168E3EEB688FE,RYKS5QNJ8RD1WTE0M3B4-WN3DT12Q8Y32RPQXP70V,B
8D958F00E3F54684BCA320E35B758B23,RYKS5QNJ8RD1WTE0M3B4-WN3DT12Q8Y32RPQXP70V,BOTH
E3C62D4DE64F429BBBD7450E79113795,RYKS5QNJ8RD1WTE0M3B4-WN3DT12Q8Y32RPQXP70V,BOTH
A43CFF375738402AB37036082DE87B14,S21KV7YECNDC2HW34GMX-Y5S1HMYAXA2PH75XZCMN,B
CB2E8827B59E46D0A2E77F25209FAAC7,S21KV7YECNDC2HW34GMX-Y5S1HMYAXA2PH75XZCMN,B
1167AE476AC04C36B12168E3EEB688FE,S21KV7YECNDC2HW34GMX-Y5S1HMYAXA2PH75XZCMN,B
E3C62D4DE64F429BBBD7450E79113795,S21KV7YECNDC2HW34GMX-Y5S1HMYAXA2PH75XZCMN,B
76BA9BDC873D4122B10102F7030B9695,S21KV7YECNDC2HW34GMX-Y5S1HMYAXA2PH75XZCMN,BOTH
B11ADD2C55A84CCEAA738FD3C4070978,S21KV7YECNDC2HW34GMX-Y5S1HMYAXA2PH75XZCMN,B
348F55AD59444E4695D05798915E40D5,S21KV7YECNDC2HW34GMX-Y5S1HMYAXA2PH75XZCMN,BOTH
AE7D21D806CB44A780F66DD570CBDB0D,S21KV7YECNDC2HW34GMX-Y5S1HMYAXA2PH75XZCMN,B
4E6CBAC7758B4F94BF377812FD402900,S21KV7YECNDC2HW34GMX-Y5S1HMYAXA2PH75XZCMN,A
804259DA896B49E1B8704A3D8DAC8ECF,S21KV7YECNDC2HW34GMX-Y5S1HMYAXA2PH75XZCMN,A
8D958F00E3F54684BCA320E35B758B23,S21KV7YECNDC2HW34GMX-Y5S1HMYAXA2PH75XZCMN,B
12EDDEAE0B8C47039662826381098797,S21KV7YECNDC2HW34GMX-Y5S1HMYAXA2PH75XZCMN,A
5CE507619E214F548D5BAD652965050D,S21KV7YECNDC2HW34GMX-Y5S1HMYAXA2PH75XZCMN,BOTH
A43CFF375738402AB37036082DE87B14,SS9PXCZGNKKSG4B71BTY-YDGBY5S7W64CMEKTCP86,B
804259DA896B49E1B8704A3D8DAC8ECF,SS9PXCZGNKKSG4B71BTY-YDGBY5S7W64CMEKTCP86,BOTH
E3C62D4DE64F429BBBD7450E79113795,SS9PXCZGNKKSG4B71BTY-YDGBY5S7W64CMEKTCP86,B
5CE507619E214F548D5BAD652965050D,SS9PXCZGNKKSG4B71BTY-YDGBY5S7W64CMEKTCP86,A
AE7D21D806CB44A780F66DD570CBDB0D,SS9PXCZGNKKSG4B71BTY-YDGBY5S7W64CMEKTCP86,B
76BA9BDC873D4122B10102F7030B9695,SS9PXCZGNKKSG4B71BTY-YDGBY5S7W64CMEKTCP86,BOTH
CB2E8827B59E46D0A2E77F25209FAAC7,SS9PXCZGNKKSG4B71BTY-YDGBY5S7W64CMEKTCP86,B
8D958F00E3F54684BCA320E35B758B23,SS9PXCZGNKKSG4B71BTY-YDGBY5S7W64CMEKTCP86,B
348F55AD59444E4695D05798915E40D5,SS9PXCZGNKKSG4B71BTY-YDGBY5S7W64CMEKTCP86,BOTH
4E6CBAC7758B4F94BF377812FD402900,SS9PXCZGNKKSG4B71BTY-YDGBY5S7W64CMEKTCP86,B
12EDDEAE0B8C47039662826381098797,SS9PXCZGNKKSG4B71BTY-YDGBY5S7W64CMEKTCP86,BOTH
1167AE476AC04C36B12168E3EEB688FE,SS9PXCZGNKKSG4B71BTY-YDGBY5S7W64CMEKTCP86,B
B11ADD2C55A84CCEAA738FD3C4070978,SS9PXCZGNKKSG4B71BTY-YDGBY5S7W64CMEKTCP86,B
5CE507619E214F548D5BAD652965050D,TMPZMCGVX7R8HH3AXJDB-YNCYGPV426BBJAFD8X0K,B
348F55AD59444E4695D05798915E40D5,TMPZMCGVX7R8HH3AXJDB-YNCYGPV426BBJAFD8X0K,BOTH
12EDDEAE0B8C47039662826381098797,TMPZMCGVX7R8HH3AXJDB-YNCYGPV426BBJAFD8X0K,BOTH
804259DA896B49E1B8704A3D8DAC8ECF,TMPZMCGVX7R8HH3AXJDB-YNCYGPV426BBJAFD8X0K,B
E3C62D4DE64F429BBBD7450E79113795,TMPZMCGVX7R8HH3AXJDB-YNCYGPV426BBJAFD8X0K,A
76BA9BDC873D4122B10102F7030B9695,TMPZMCGVX7R8HH3AXJDB-YNCYGPV426BBJAFD8X0K,BOTH
AE7D21D806CB44A780F66DD570CBDB0D,TMPZMCGVX7R8HH3AXJDB-YNCYGPV426BBJAFD8X0K,A
A43CFF375738402AB37036082DE87B14,TMPZMCGVX7R8HH3AXJDB-YNCYGPV426BBJAFD8X0K,BOTH
CB2E8827B59E46D0A2E77F25209FAAC7,TMPZMCGVX7R8HH3AXJDB-YNCYGPV426BBJAFD8X0K,B
1167AE476AC04C36B12168E3EEB688FE,TMPZMCGVX7R8HH3AXJDB-YNCYGPV426BBJAFD8X0K,A
8D958F00E3F54684BCA320E35B758B23,TMPZMCGVX7R8HH3AXJDB-YNCYGPV426BBJAFD8X0K,A
4E6CBAC7758B4F94BF377812FD402900,TMPZMCGVX7R8HH3AXJDB-YNCYGPV426BBJAFD8X0K,B
B11ADD2C55A84CCEAA738FD3C4070978,TMPZMCGVX7R8HH3AXJDB-YNCYGPV426BBJAFD8X0K,A
4E6CBAC7758B4F94BF377812FD402900,W5TPCEJ8CX5FRFFA7SJD-X55YMM981DP4XXWRTRTX,BOTH
8D958F00E3F54684BCA320E35B758B23,W5TPCEJ8CX5FRFFA7SJD-X55YMM981DP4XXWRTRTX,B
348F55AD59444E4695D05798915E40D5,W5TPCEJ8CX5FRFFA7SJD-X55YMM981DP4XXWRTRTX,BOTH
12EDDEAE0B8C47039662826381098797,W5TPCEJ8CX5FRFFA7SJD-X55YMM981DP4XXWRTRTX,BOTH
76BA9BDC873D4122B10102F7030B9695,W5TPCEJ8CX5FRFFA7SJD-X55YMM981DP4XXWRTRTX,BOTH
A43CFF375738402AB37036082DE87B14,W5TPCEJ8CX5FRFFA7SJD-X55YMM981DP4XXWRTRTX,B
804259DA896B49E1B8704A3D8DAC8ECF,W5TPCEJ8CX5FRFFA7SJD-X55YMM981DP4XXWRTRTX,BOTH
E3C62D4DE64F429BBBD7450E79113795,W5TPCEJ8CX5FRFFA7SJD-X55YMM981DP4XXWRTRTX,BOTH
1167AE476AC04C36B12168E3EEB688FE,W5TPCEJ8CX5FRFFA7SJD-X55YMM981DP4XXWRTRTX,BOTH
AE7D21D806CB44A780F66DD570CBDB0D,W5TPCEJ8CX5FRFFA7SJD-X55YMM981DP4XXWRTRTX,BOTH
CB2E8827B59E46D0A2E77F25209FAAC7,W5TPCEJ8CX5FRFFA7SJD-X55YMM981DP4XXWRTRTX,B
5CE507619E214F548D5BAD652965050D,W5TPCEJ8CX5FRFFA7SJD-X55YMM981DP4XXWRTRTX,BOTH
B11ADD2C55A84CCEAA738FD3C4070978,W5TPCEJ8CX5FRFFA7SJD-X55YMM981DP4XXWRTRTX,BOTH
5CE507619E214F548D5BAD652965050D,WGX6YXPDSE41H3QEY8X7-Y9VKPN057GS4A0GHJD3Z,A
12EDDEAE0B8C47039662826381098797,WGX6YXPDSE41H3QEY8X7-Y9VKPN057GS4A0GHJD3Z,A
E3C62D4DE64F429BBBD7450E79113795,WGX6YXPDSE41H3QEY8X7-Y9VKPN057GS4A0GHJD3Z,A
8D958F00E3F54684BCA320E35B758B23,WGX6YXPDSE41H3QEY8X7-Y9VKPN057GS4A0GHJD3Z,A
4E6CBAC7758B4F94BF377812FD402900,WGX6YXPDSE41H3QEY8X7-Y9VKPN057GS4A0GHJD3Z,A
A43CFF375738402AB37036082DE87B14,WGX6YXPDSE41H3QEY8X7-Y9VKPN057GS4A0GHJD3Z,A
CB2E8827B59E46D0A2E77F25209FAAC7,WGX6YXPDSE41H3QEY8X7-Y9VKPN057GS4A0GHJD3Z,A
348F55AD59444E4695D05798915E40D5,WGX6YXPDSE41H3QEY8X7-Y9VKPN057GS4A0GHJD3Z,A
AE7D21D806CB44A780F66DD570CBDB0D,WGX6YXPDSE41H3QEY8X7-Y9VKPN057GS4A0GHJD3Z,A
804259DA896B49E1B8704A3D8DAC8ECF,WGX6YXPDSE41H3QEY8X7-Y9VKPN057GS4A0GHJD3Z,A
B11ADD2C55A84CCEAA738FD3C4070978,WGX6YXPDSE41H3QEY8X7-Y9VKPN057GS4A0GHJD3Z,A
76BA9BDC873D4122B10102F7030B9695,WGX6YXPDSE41H3QEY8X7-Y9VKPN057GS4A0GHJD3Z,A
1167AE476AC04C36B12168E3EEB688FE,WGX6YXPDSE41H3QEY8X7-Y9VKPN057GS4A0GHJD3Z,A
12EDDEAE0B8C47039662826381098797,YDNJ4HR2C55KSP6Z9VJY-Z6RHJ9M5ADCFNPT4KHQJ,A
8D958F00E3F54684BCA320E35B758B23,YDNJ4HR2C55KSP6Z9VJY-Z6RHJ9M5ADCFNPT4KHQJ,A
348F55AD59444E4695D05798915E40D5,YDNJ4HR2C55KSP6Z9VJY-Z6RHJ9M5ADCFNPT4KHQJ,A
804259DA896B49E1B8704A3D8DAC8ECF,YDNJ4HR2C55KSP6Z9VJY-Z6RHJ9M5ADCFNPT4KHQJ,A
76BA9BDC873D4122B10102F7030B9695,YDNJ4HR2C55KSP6Z9VJY-Z6RHJ9M5ADCFNPT4KHQJ,A
AE7D21D806CB44A780F66DD570CBDB0D,YDNJ4HR2C55KSP6Z9VJY-Z6RHJ9M5ADCFNPT4KHQJ,A
5CE507619E214F548D5BAD652965050D,YDNJ4HR2C55KSP6Z9VJY-Z6RHJ9M5ADCFNPT4KHQJ,A
CB2E8827B59E46D0A2E77F25209FAAC7,YDNJ4HR2C55KSP6Z9VJY-Z6RHJ9M5ADCFNPT4KHQJ,A
A43CFF375738402AB37036082DE87B14,YDNJ4HR2C55KSP6Z9VJY-Z6RHJ9M5ADCFNPT4KHQJ,A
4E6CBAC7758B4F94BF377812FD402900,YDNJ4HR2C55KSP6Z9VJY-Z6RHJ9M5ADCFNPT4KHQJ,A
B11ADD2C55A84CCEAA738FD3C4070978,YDNJ4HR2C55KSP6Z9VJY-Z6RHJ9M5ADCFNPT4KHQJ,A
1167AE476AC04C36B12168E3EEB688FE,YDNJ4HR2C55KSP6Z9VJY-Z6RHJ9M5ADCFNPT4KHQJ,A
E3C62D4DE64F429BBBD7450E79113795,YDNJ4HR2C55KSP6Z9VJY-Z6RHJ9M5ADCFNPT4KHQJ,A
